station_id,station_name,latitude,longitude,date,variable,value,unit,timestamp_extraction
0PU01,GUROLAMANNA,40.916111,16.447779,2026-06-03,precip_sum_daily,0.0,mm,2026-06-04T07:10:02.076084
0PU01,GUROLAMANNA,40.916111,16.447779,2026-06-03,rh_max_daily,88.0,%,2026-06-04T07:10:00.566628
0PU01,GUROLAMANNA,40.916111,16.447779,2026-06-03,rh_mean_daily,63.0,%,2026-06-04T07:09:59.546859
0PU01,GUROLAMANNA,40.916111,16.447779,2026-06-03,rh_min_daily,37.0,%,2026-06-04T07:09:58.271829
0PU01,GUROLAMANNA,40.916111,16.447779,2026-06-03,rs_sum_daily,20759.0,W/m²,2026-06-04T07:10:03.059930
0PU01,GUROLAMANNA,40.916111,16.447779,2026-06-03,tair_max_daily,28.1,°C,2026-06-04T07:09:57.318680
0PU01,GUROLAMANNA,40.916111,16.447779,2026-06-03,tair_mean_daily,21.3,°C,2026-06-04T07:09:56.363397
0PU01,GUROLAMANNA,40.916111,16.447779,2026-06-03,tair_min_daily,15.0,°C,2026-06-04T07:09:55.403983
0PU01,GUROLAMANNA,40.916111,16.447779,2026-06-03,ws_max_daily,9.0,m/s,2026-06-04T07:10:05.666664
0PU01,GUROLAMANNA,40.916111,16.447779,2026-06-03,ws_max_daily,10.8,m/s,2026-06-04T07:10:05.666677
0PU01,GUROLAMANNA,40.916111,16.447779,2026-06-03,ws_mean_daily,3.4,m/s,2026-06-04T07:10:04.544410
0PU01,GUROLAMANNA,40.916111,16.447779,2026-06-03,ws_mean_daily,4.8,m/s,2026-06-04T07:10:04.544423
0PU03,LIMELLI D'IMPERATORE,40.883057,16.3125,2026-06-03,precip_sum_daily,0.0,mm,2026-06-04T07:10:02.076097
0PU03,LIMELLI D'IMPERATORE,40.883057,16.3125,2026-06-03,rh_max_daily,92.0,%,2026-06-04T07:10:00.566641
0PU03,LIMELLI D'IMPERATORE,40.883057,16.3125,2026-06-03,rh_mean_daily,67.0,%,2026-06-04T07:09:59.546871
0PU03,LIMELLI D'IMPERATORE,40.883057,16.3125,2026-06-03,rh_min_daily,40.0,%,2026-06-04T07:09:58.271844
0PU03,LIMELLI D'IMPERATORE,40.883057,16.3125,2026-06-03,rs_sum_daily,20698.0,W/m²,2026-06-04T07:10:03.059945
0PU03,LIMELLI D'IMPERATORE,40.883057,16.3125,2026-06-03,tair_max_daily,28.0,°C,2026-06-04T07:09:57.318692
0PU03,LIMELLI D'IMPERATORE,40.883057,16.3125,2026-06-03,tair_mean_daily,21.1,°C,2026-06-04T07:09:56.363411
0PU03,LIMELLI D'IMPERATORE,40.883057,16.3125,2026-06-03,tair_min_daily,14.3,°C,2026-06-04T07:09:55.404002
0PU03,LIMELLI D'IMPERATORE,40.883057,16.3125,2026-06-03,ws_max_daily,9.5,m/s,2026-06-04T07:10:05.666681
0PU03,LIMELLI D'IMPERATORE,40.883057,16.3125,2026-06-03,ws_max_daily,7.7,m/s,2026-06-04T07:10:05.666684
0PU03,LIMELLI D'IMPERATORE,40.883057,16.3125,2026-06-03,ws_mean_daily,1.7,m/s,2026-06-04T07:10:04.544427
0PU03,LIMELLI D'IMPERATORE,40.883057,16.3125,2026-06-03,ws_mean_daily,2.6,m/s,2026-06-04T07:10:04.544467
0PU04,OTTAVA SEDICI,40.7925,17.481943,2026-06-03,precip_sum_daily,0.0,mm,2026-06-04T07:10:02.076103
0PU04,OTTAVA SEDICI,40.7925,17.481943,2026-06-03,rh_max_daily,82.0,%,2026-06-04T07:10:00.566645
0PU04,OTTAVA SEDICI,40.7925,17.481943,2026-06-03,rh_mean_daily,57.0,%,2026-06-04T07:09:59.546874
0PU04,OTTAVA SEDICI,40.7925,17.481943,2026-06-03,rh_min_daily,35.0,%,2026-06-04T07:09:58.271849
0PU04,OTTAVA SEDICI,40.7925,17.481943,2026-06-03,rs_sum_daily,22946.0,W/m²,2026-06-04T07:10:03.059950
0PU04,OTTAVA SEDICI,40.7925,17.481943,2026-06-03,tair_max_daily,32.2,°C,2026-06-04T07:09:57.318696
0PU04,OTTAVA SEDICI,40.7925,17.481943,2026-06-03,tair_mean_daily,25.3,°C,2026-06-04T07:09:56.363416
0PU04,OTTAVA SEDICI,40.7925,17.481943,2026-06-03,tair_min_daily,19.3,°C,2026-06-04T07:09:55.404009
0PU04,OTTAVA SEDICI,40.7925,17.481943,2026-06-03,ws_max_daily,11.8,m/s,2026-06-04T07:10:05.666687
0PU04,OTTAVA SEDICI,40.7925,17.481943,2026-06-03,ws_max_daily,6.1,m/s,2026-06-04T07:10:05.666691
0PU04,OTTAVA SEDICI,40.7925,17.481943,2026-06-03,ws_mean_daily,1.0,m/s,2026-06-04T07:10:04.544476
0PU04,OTTAVA SEDICI,40.7925,17.481943,2026-06-03,ws_mean_daily,3.1,m/s,2026-06-04T07:10:04.544482
0PU06,MAINE,40.543056,18.032223,2026-06-03,precip_sum_daily,0.0,mm,2026-06-04T07:10:02.076108
0PU06,MAINE,40.543056,18.032223,2026-06-03,rh_max_daily,89.0,%,2026-06-04T07:10:00.566648
0PU06,MAINE,40.543056,18.032223,2026-06-03,rh_mean_daily,61.0,%,2026-06-04T07:09:59.546878
0PU06,MAINE,40.543056,18.032223,2026-06-03,rh_min_daily,32.0,%,2026-06-04T07:09:58.271853
0PU06,MAINE,40.543056,18.032223,2026-06-03,rs_sum_daily,22868.0,W/m²,2026-06-04T07:10:03.059955
0PU06,MAINE,40.543056,18.032223,2026-06-03,tair_max_daily,30.9,°C,2026-06-04T07:09:57.318699
0PU06,MAINE,40.543056,18.032223,2026-06-03,tair_mean_daily,24.6,°C,2026-06-04T07:09:56.363421
0PU06,MAINE,40.543056,18.032223,2026-06-03,tair_min_daily,18.4,°C,2026-06-04T07:09:55.404015
0PU06,MAINE,40.543056,18.032223,2026-06-03,ws_max_daily,6.5,m/s,2026-06-04T07:10:05.666694
0PU06,MAINE,40.543056,18.032223,2026-06-03,ws_max_daily,10.0,m/s,2026-06-04T07:10:05.666697
0PU06,MAINE,40.543056,18.032223,2026-06-03,ws_mean_daily,1.7,m/s,2026-06-04T07:10:04.544488
0PU06,MAINE,40.543056,18.032223,2026-06-03,ws_mean_daily,3.3,m/s,2026-06-04T07:10:04.544493
0PU07,TRIONFO,41.347221,15.744167,2026-06-03,precip_sum_daily,0.0,mm,2026-06-04T07:10:02.076112
0PU07,TRIONFO,41.347221,15.744167,2026-06-03,rh_max_daily,92.0,%,2026-06-04T07:10:00.566652
0PU07,TRIONFO,41.347221,15.744167,2026-06-03,rh_mean_daily,65.0,%,2026-06-04T07:09:59.546881
0PU07,TRIONFO,41.347221,15.744167,2026-06-03,rh_min_daily,39.0,%,2026-06-04T07:09:58.271857
0PU07,TRIONFO,41.347221,15.744167,2026-06-03,rs_sum_daily,14266.0,W/m²,2026-06-04T07:10:03.059959
0PU07,TRIONFO,41.347221,15.744167,2026-06-03,tair_max_daily,32.4,°C,2026-06-04T07:09:57.318702
0PU07,TRIONFO,41.347221,15.744167,2026-06-03,tair_mean_daily,23.8,°C,2026-06-04T07:09:56.363425
0PU07,TRIONFO,41.347221,15.744167,2026-06-03,tair_min_daily,15.6,°C,2026-06-04T07:09:55.404020
0PU07,TRIONFO,41.347221,15.744167,2026-06-03,ws_max_daily,7.5,m/s,2026-06-04T07:10:05.666700
0PU07,TRIONFO,41.347221,15.744167,2026-06-03,ws_max_daily,15.0,m/s,2026-06-04T07:10:05.666703
0PU07,TRIONFO,41.347221,15.744167,2026-06-03,ws_mean_daily,0.7,m/s,2026-06-04T07:10:04.544499
0PU07,TRIONFO,41.347221,15.744167,2026-06-03,ws_mean_daily,3.1,m/s,2026-06-04T07:10:04.544504
0PU08,TORRETTA,41.542221,15.173889,2026-06-03,precip_sum_daily,0.2,mm,2026-06-04T07:10:02.076117
0PU08,TORRETTA,41.542221,15.173889,2026-06-03,rh_max_daily,86.0,%,2026-06-04T07:10:00.566655
0PU08,TORRETTA,41.542221,15.173889,2026-06-03,rh_mean_daily,70.0,%,2026-06-04T07:09:59.546885
0PU08,TORRETTA,41.542221,15.173889,2026-06-03,rh_min_daily,45.0,%,2026-06-04T07:09:58.271861
0PU08,TORRETTA,41.542221,15.173889,2026-06-03,rs_sum_daily,10537.0,W/m²,2026-06-04T07:10:03.059963
0PU08,TORRETTA,41.542221,15.173889,2026-06-03,tair_max_daily,28.2,°C,2026-06-04T07:09:57.318705
0PU08,TORRETTA,41.542221,15.173889,2026-06-03,tair_mean_daily,20.9,°C,2026-06-04T07:09:56.363467
0PU08,TORRETTA,41.542221,15.173889,2026-06-03,tair_min_daily,14.7,°C,2026-06-04T07:09:55.404026
0PU08,TORRETTA,41.542221,15.173889,2026-06-03,ws_max_daily,20.7,m/s,2026-06-04T07:10:05.666716
0PU08,TORRETTA,41.542221,15.173889,2026-06-03,ws_mean_daily,0.0,m/s,2026-06-04T07:10:04.544511
0PU08,TORRETTA,41.542221,15.173889,2026-06-03,ws_mean_daily,5.8,m/s,2026-06-04T07:10:04.544516
0PU10,FRASSANITO,40.237221,18.441389,2026-06-03,precip_sum_daily,0.0,mm,2026-06-04T07:10:02.076122
0PU10,FRASSANITO,40.237221,18.441389,2026-06-03,rh_max_daily,96.0,%,2026-06-04T07:10:00.566658
0PU10,FRASSANITO,40.237221,18.441389,2026-06-03,rh_mean_daily,85.0,%,2026-06-04T07:09:59.546891
0PU10,FRASSANITO,40.237221,18.441389,2026-06-03,rh_min_daily,69.0,%,2026-06-04T07:09:58.271865
0PU10,FRASSANITO,40.237221,18.441389,2026-06-03,rs_sum_daily,22151.0,W/m²,2026-06-04T07:10:03.059968
0PU10,FRASSANITO,40.237221,18.441389,2026-06-03,tair_max_daily,28.1,°C,2026-06-04T07:09:57.318708
0PU10,FRASSANITO,40.237221,18.441389,2026-06-03,tair_mean_daily,23.0,°C,2026-06-04T07:09:56.363475
0PU10,FRASSANITO,40.237221,18.441389,2026-06-03,tair_min_daily,19.8,°C,2026-06-04T07:09:55.404031
0PU10,FRASSANITO,40.237221,18.441389,2026-06-03,ws_max_daily,7.8,m/s,2026-06-04T07:10:05.666723
0PU10,FRASSANITO,40.237221,18.441389,2026-06-03,ws_max_daily,10.8,m/s,2026-06-04T07:10:05.666729
0PU10,FRASSANITO,40.237221,18.441389,2026-06-03,ws_mean_daily,1.0,m/s,2026-06-04T07:10:04.544520
0PU10,FRASSANITO,40.237221,18.441389,2026-06-03,ws_mean_daily,2.3,m/s,2026-06-04T07:10:04.544525
0PU11,BADESSA,40.470554,18.097221,2026-06-03,precip_sum_daily,0.0,mm,2026-06-04T07:10:02.076126
0PU11,BADESSA,40.470554,18.097221,2026-06-03,rh_max_daily,88.0,%,2026-06-04T07:10:00.566661
0PU11,BADESSA,40.470554,18.097221,2026-06-03,rh_mean_daily,63.0,%,2026-06-04T07:09:59.546894
0PU11,BADESSA,40.470554,18.097221,2026-06-03,rh_min_daily,33.0,%,2026-06-04T07:09:58.271868
0PU11,BADESSA,40.470554,18.097221,2026-06-03,rs_sum_daily,25096.0,W/m²,2026-06-04T07:10:03.059972
0PU11,BADESSA,40.470554,18.097221,2026-06-03,tair_max_daily,31.8,°C,2026-06-04T07:09:57.318711
0PU11,BADESSA,40.470554,18.097221,2026-06-03,tair_mean_daily,24.9,°C,2026-06-04T07:09:56.363486
0PU11,BADESSA,40.470554,18.097221,2026-06-03,tair_min_daily,19.5,°C,2026-06-04T07:09:55.404037
0PU11,BADESSA,40.470554,18.097221,2026-06-03,ws_max_daily,7.2,m/s,2026-06-04T07:10:05.666736
0PU11,BADESSA,40.470554,18.097221,2026-06-03,ws_max_daily,10.5,m/s,2026-06-04T07:10:05.666741
0PU11,BADESSA,40.470554,18.097221,2026-06-03,ws_mean_daily,1.9,m/s,2026-06-04T07:10:04.544530
0PU11,BADESSA,40.470554,18.097221,2026-06-03,ws_mean_daily,4.2,m/s,2026-06-04T07:10:04.544534
0PU12,CONTE,39.981945,18.067499,2026-06-03,precip_sum_daily,0.2,mm,2026-06-04T07:10:02.076142
0PU12,CONTE,39.981945,18.067499,2026-06-03,rh_max_daily,92.0,%,2026-06-04T07:10:00.566664
0PU12,CONTE,39.981945,18.067499,2026-06-03,rh_mean_daily,77.0,%,2026-06-04T07:09:59.546897
0PU12,CONTE,39.981945,18.067499,2026-06-03,rh_min_daily,50.0,%,2026-06-04T07:09:58.271872
0PU12,CONTE,39.981945,18.067499,2026-06-03,rs_sum_daily,26113.0,W/m²,2026-06-04T07:10:03.059976
0PU12,CONTE,39.981945,18.067499,2026-06-03,tair_max_daily,28.6,°C,2026-06-04T07:09:57.318714
0PU12,CONTE,39.981945,18.067499,2026-06-03,tair_mean_daily,23.2,°C,2026-06-04T07:09:56.363494
0PU12,CONTE,39.981945,18.067499,2026-06-03,tair_min_daily,19.2,°C,2026-06-04T07:09:55.404043
0PU12,CONTE,39.981945,18.067499,2026-06-03,ws_max_daily,7.1,m/s,2026-06-04T07:10:05.666748
0PU12,CONTE,39.981945,18.067499,2026-06-03,ws_max_daily,10.5,m/s,2026-06-04T07:10:05.666753
0PU12,CONTE,39.981945,18.067499,2026-06-03,ws_mean_daily,1.4,m/s,2026-06-04T07:10:04.544539
0PU12,CONTE,39.981945,18.067499,2026-06-03,ws_mean_daily,4.0,m/s,2026-06-04T07:10:04.544545
0PU13,TORRICELLA,40.343334,17.487778,2026-06-03,precip_sum_daily,0.0,mm,2026-06-04T07:10:02.076147
0PU13,TORRICELLA,40.343334,17.487778,2026-06-03,rh_max_daily,94.0,%,2026-06-04T07:10:00.566670
0PU13,TORRICELLA,40.343334,17.487778,2026-06-03,rh_mean_daily,77.0,%,2026-06-04T07:09:59.546900
0PU13,TORRICELLA,40.343334,17.487778,2026-06-03,rh_min_daily,46.0,%,2026-06-04T07:09:58.271875
0PU13,TORRICELLA,40.343334,17.487778,2026-06-03,rs_sum_daily,24353.0,W/m²,2026-06-04T07:10:03.059991
0PU13,TORRICELLA,40.343334,17.487778,2026-06-03,tair_max_daily,29.1,°C,2026-06-04T07:09:57.318717
0PU13,TORRICELLA,40.343334,17.487778,2026-06-03,tair_mean_daily,22.7,°C,2026-06-04T07:09:56.363501
0PU13,TORRICELLA,40.343334,17.487778,2026-06-03,tair_min_daily,16.1,°C,2026-06-04T07:09:55.404050
0PU13,TORRICELLA,40.343334,17.487778,2026-06-03,ws_max_daily,10.4,m/s,2026-06-04T07:10:05.666759
0PU13,TORRICELLA,40.343334,17.487778,2026-06-03,ws_max_daily,6.8,m/s,2026-06-04T07:10:05.666764
0PU13,TORRICELLA,40.343334,17.487778,2026-06-03,ws_mean_daily,1.9,m/s,2026-06-04T07:10:04.544554
0PU13,TORRICELLA,40.343334,17.487778,2026-06-03,ws_mean_daily,3.7,m/s,2026-06-04T07:10:04.544560
0PU14,TAFURI,40.680832,16.867779,2026-06-03,precip_sum_daily,1.2,mm,2026-06-04T07:10:02.076153
0PU14,TAFURI,40.680832,16.867779,2026-06-03,rh_max_daily,92.0,%,2026-06-04T07:10:00.566673
0PU14,TAFURI,40.680832,16.867779,2026-06-03,rh_mean_daily,75.0,%,2026-06-04T07:09:59.546905
0PU14,TAFURI,40.680832,16.867779,2026-06-03,rh_min_daily,50.0,%,2026-06-04T07:09:58.271879
0PU14,TAFURI,40.680832,16.867779,2026-06-03,rs_sum_daily,25124.0,W/m²,2026-06-04T07:10:03.060000
0PU14,TAFURI,40.680832,16.867779,2026-06-03,tair_max_daily,27.9,°C,2026-06-04T07:09:57.318723
0PU14,TAFURI,40.680832,16.867779,2026-06-03,tair_mean_daily,20.4,°C,2026-06-04T07:09:56.363509
0PU14,TAFURI,40.680832,16.867779,2026-06-03,tair_min_daily,13.4,°C,2026-06-04T07:09:55.404056
0PU14,TAFURI,40.680832,16.867779,2026-06-03,ws_max_daily,8.1,m/s,2026-06-04T07:10:05.666768
0PU14,TAFURI,40.680832,16.867779,2026-06-03,ws_max_daily,10.1,m/s,2026-06-04T07:10:05.666773
0PU14,TAFURI,40.680832,16.867779,2026-06-03,ws_mean_daily,1.7,m/s,2026-06-04T07:10:04.544564
0PU14,TAFURI,40.680832,16.867779,2026-06-03,ws_mean_daily,3.1,m/s,2026-06-04T07:10:04.544572
0PU16,ANDRIA,41.202221,16.201944,2026-06-03,precip_sum_daily,0.0,mm,2026-06-04T07:10:02.076158
0PU16,ANDRIA,41.202221,16.201944,2026-06-03,rh_max_daily,92.0,%,2026-06-04T07:10:00.566676
0PU16,ANDRIA,41.202221,16.201944,2026-06-03,rh_mean_daily,63.0,%,2026-06-04T07:09:59.546908
0PU16,ANDRIA,41.202221,16.201944,2026-06-03,rh_min_daily,34.0,%,2026-06-04T07:09:58.271887
0PU16,ANDRIA,41.202221,16.201944,2026-06-03,rs_sum_daily,17335.0,W/m²,2026-06-04T07:10:03.060008
0PU16,ANDRIA,41.202221,16.201944,2026-06-03,tair_max_daily,31.1,°C,2026-06-04T07:09:57.318732
0PU16,ANDRIA,41.202221,16.201944,2026-06-03,tair_mean_daily,22.9,°C,2026-06-04T07:09:56.363516
0PU16,ANDRIA,41.202221,16.201944,2026-06-03,tair_min_daily,14.3,°C,2026-06-04T07:09:55.404062
0PU16,ANDRIA,41.202221,16.201944,2026-06-03,ws_max_daily,11.6,m/s,2026-06-04T07:10:05.666778
0PU16,ANDRIA,41.202221,16.201944,2026-06-03,ws_max_daily,5.6,m/s,2026-06-04T07:10:05.666786
0PU16,ANDRIA,41.202221,16.201944,2026-06-03,ws_mean_daily,0.7,m/s,2026-06-04T07:10:04.544581
0PU16,ANDRIA,41.202221,16.201944,2026-06-03,ws_mean_daily,2.6,m/s,2026-06-04T07:10:04.544586
0PU17,OSTUNI-SAROLO,40.688332,17.413889,2026-06-03,precip_sum_daily,0.0,mm,2026-06-04T07:10:02.076179
0PU17,OSTUNI-SAROLO,40.688332,17.413889,2026-06-03,rh_max_daily,96.0,%,2026-06-04T07:10:00.566679
0PU17,OSTUNI-SAROLO,40.688332,17.413889,2026-06-03,rh_mean_daily,67.0,%,2026-06-04T07:09:59.546912
0PU17,OSTUNI-SAROLO,40.688332,17.413889,2026-06-03,rh_min_daily,40.0,%,2026-06-04T07:09:58.271890
0PU17,OSTUNI-SAROLO,40.688332,17.413889,2026-06-03,tair_max_daily,28.6,°C,2026-06-04T07:09:57.318739
0PU17,OSTUNI-SAROLO,40.688332,17.413889,2026-06-03,tair_mean_daily,22.2,°C,2026-06-04T07:09:56.363523
0PU17,OSTUNI-SAROLO,40.688332,17.413889,2026-06-03,tair_min_daily,15.4,°C,2026-06-04T07:09:55.404072
0PU17,OSTUNI-SAROLO,40.688332,17.413889,2026-06-03,ws_max_daily,7.3,m/s,2026-06-04T07:10:05.666794
0PU17,OSTUNI-SAROLO,40.688332,17.413889,2026-06-03,ws_max_daily,10.0,m/s,2026-06-04T07:10:05.666800
0PU17,OSTUNI-SAROLO,40.688332,17.413889,2026-06-03,ws_mean_daily,1.5,m/s,2026-06-04T07:10:04.544590
0PU17,OSTUNI-SAROLO,40.688332,17.413889,2026-06-03,ws_mean_daily,2.8,m/s,2026-06-04T07:10:04.544596
0PU18,MONOPOLI,40.919445,17.294443,2026-06-03,precip_sum_daily,0.8,mm,2026-06-04T07:10:02.076182
0PU18,MONOPOLI,40.919445,17.294443,2026-06-03,rh_max_daily,90.0,%,2026-06-04T07:10:00.566682
0PU18,MONOPOLI,40.919445,17.294443,2026-06-03,rh_mean_daily,60.0,%,2026-06-04T07:09:59.546915
0PU18,MONOPOLI,40.919445,17.294443,2026-06-03,rh_min_daily,42.0,%,2026-06-04T07:09:58.271894
0PU18,MONOPOLI,40.919445,17.294443,2026-06-03,rs_sum_daily,21205.0,W/m²,2026-06-04T07:10:03.060017
0PU18,MONOPOLI,40.919445,17.294443,2026-06-03,tair_max_daily,29.8,°C,2026-06-04T07:09:57.318745
0PU18,MONOPOLI,40.919445,17.294443,2026-06-03,tair_mean_daily,24.4,°C,2026-06-04T07:09:56.363529
0PU18,MONOPOLI,40.919445,17.294443,2026-06-03,tair_min_daily,18.9,°C,2026-06-04T07:09:55.404077
0PU18,MONOPOLI,40.919445,17.294443,2026-06-03,ws_max_daily,12.3,m/s,2026-06-04T07:10:05.666804
0PU18,MONOPOLI,40.919445,17.294443,2026-06-03,ws_max_daily,8.7,m/s,2026-06-04T07:10:05.666809
0PU18,MONOPOLI,40.919445,17.294443,2026-06-03,ws_mean_daily,1.3,m/s,2026-06-04T07:10:04.544600
0PU18,MONOPOLI,40.919445,17.294443,2026-06-03,ws_mean_daily,2.7,m/s,2026-06-04T07:10:04.544642
0PU19,TERLIZZI,41.120834,16.549168,2026-06-03,precip_sum_daily,1.8,mm,2026-06-04T07:10:02.076186
0PU19,TERLIZZI,41.120834,16.549168,2026-06-03,rh_max_daily,94.0,%,2026-06-04T07:10:00.566687
0PU19,TERLIZZI,41.120834,16.549168,2026-06-03,rh_mean_daily,60.0,%,2026-06-04T07:09:59.546918
0PU19,TERLIZZI,41.120834,16.549168,2026-06-03,rh_min_daily,32.0,%,2026-06-04T07:09:58.271900
0PU19,TERLIZZI,41.120834,16.549168,2026-06-03,rs_sum_daily,16599.0,W/m²,2026-06-04T07:10:03.060025
0PU19,TERLIZZI,41.120834,16.549168,2026-06-03,tair_max_daily,32.2,°C,2026-06-04T07:09:57.318751
0PU19,TERLIZZI,41.120834,16.549168,2026-06-03,tair_mean_daily,23.5,°C,2026-06-04T07:09:56.363535
0PU19,TERLIZZI,41.120834,16.549168,2026-06-03,tair_min_daily,17.0,°C,2026-06-04T07:09:55.404082
0PU19,TERLIZZI,41.120834,16.549168,2026-06-03,ws_max_daily,3.8,m/s,2026-06-04T07:10:05.666814
0PU19,TERLIZZI,41.120834,16.549168,2026-06-03,ws_max_daily,7.2,m/s,2026-06-04T07:10:05.666819
0PU19,TERLIZZI,41.120834,16.549168,2026-06-03,ws_mean_daily,0.2,m/s,2026-06-04T07:10:04.544648
0PU19,TERLIZZI,41.120834,16.549168,2026-06-03,ws_mean_daily,1.4,m/s,2026-06-04T07:10:04.544654
0PU20,VILLA CASTELLI,40.553055,17.504444,2026-06-03,precip_sum_daily,0.0,mm,2026-06-04T07:10:02.076189
0PU20,VILLA CASTELLI,40.553055,17.504444,2026-06-03,rh_max_daily,93.0,%,2026-06-04T07:10:00.566690
0PU20,VILLA CASTELLI,40.553055,17.504444,2026-06-03,rh_mean_daily,70.0,%,2026-06-04T07:09:59.546920
0PU20,VILLA CASTELLI,40.553055,17.504444,2026-06-03,rh_min_daily,41.0,%,2026-06-04T07:09:58.271904
0PU20,VILLA CASTELLI,40.553055,17.504444,2026-06-03,rs_sum_daily,24508.0,W/m²,2026-06-04T07:10:03.060033
0PU20,VILLA CASTELLI,40.553055,17.504444,2026-06-03,tair_max_daily,29.9,°C,2026-06-04T07:09:57.318757
0PU20,VILLA CASTELLI,40.553055,17.504444,2026-06-03,tair_mean_daily,22.3,°C,2026-06-04T07:09:56.363542
0PU20,VILLA CASTELLI,40.553055,17.504444,2026-06-03,tair_min_daily,14.8,°C,2026-06-04T07:09:55.404088
0PU20,VILLA CASTELLI,40.553055,17.504444,2026-06-03,ws_max_daily,7.0,m/s,2026-06-04T07:10:05.666824
0PU20,VILLA CASTELLI,40.553055,17.504444,2026-06-03,ws_max_daily,8.6,m/s,2026-06-04T07:10:05.666829
0PU20,VILLA CASTELLI,40.553055,17.504444,2026-06-03,ws_mean_daily,1.5,m/s,2026-06-04T07:10:04.544660
0PU20,VILLA CASTELLI,40.553055,17.504444,2026-06-03,ws_mean_daily,2.7,m/s,2026-06-04T07:10:04.544668
0PU21,CAROVIGNO,40.691944,17.630278,2026-06-03,precip_sum_daily,0.0,mm,2026-06-04T07:10:02.076192
0PU21,CAROVIGNO,40.691944,17.630278,2026-06-03,rh_max_daily,86.0,%,2026-06-04T07:10:00.566693
0PU21,CAROVIGNO,40.691944,17.630278,2026-06-03,rh_mean_daily,66.0,%,2026-06-04T07:09:59.546923
0PU21,CAROVIGNO,40.691944,17.630278,2026-06-03,rh_min_daily,38.0,%,2026-06-04T07:09:58.271908
0PU21,CAROVIGNO,40.691944,17.630278,2026-06-03,rs_sum_daily,25284.0,W/m²,2026-06-04T07:10:03.060041
0PU21,CAROVIGNO,40.691944,17.630278,2026-06-03,tair_max_daily,30.9,°C,2026-06-04T07:09:57.318764
0PU21,CAROVIGNO,40.691944,17.630278,2026-06-03,tair_mean_daily,23.8,°C,2026-06-04T07:09:56.363548
0PU21,CAROVIGNO,40.691944,17.630278,2026-06-03,tair_min_daily,17.6,°C,2026-06-04T07:09:55.404093
0PU21,CAROVIGNO,40.691944,17.630278,2026-06-03,ws_max_daily,9.5,m/s,2026-06-04T07:10:05.666834
0PU21,CAROVIGNO,40.691944,17.630278,2026-06-03,ws_max_daily,5.8,m/s,2026-06-04T07:10:05.666839
0PU21,CAROVIGNO,40.691944,17.630278,2026-06-03,ws_mean_daily,1.2,m/s,2026-06-04T07:10:04.544673
0PU21,CAROVIGNO,40.691944,17.630278,2026-06-03,ws_mean_daily,3.2,m/s,2026-06-04T07:10:04.544679
0PU22,APRICENA,41.773335,15.438611,2026-06-03,precip_sum_daily,24.3,mm,2026-06-04T07:10:02.076195
0PU22,APRICENA,41.773335,15.438611,2026-06-03,rh_max_daily,99.0,%,2026-06-04T07:10:00.566695
0PU22,APRICENA,41.773335,15.438611,2026-06-03,rh_mean_daily,74.0,%,2026-06-04T07:09:59.546926
0PU22,APRICENA,41.773335,15.438611,2026-06-03,rh_min_daily,43.0,%,2026-06-04T07:09:58.271911
0PU22,APRICENA,41.773335,15.438611,2026-06-03,rs_sum_daily,13737.0,W/m²,2026-06-04T07:10:03.060050
0PU22,APRICENA,41.773335,15.438611,2026-06-03,tair_max_daily,29.0,°C,2026-06-04T07:09:57.318769
0PU22,APRICENA,41.773335,15.438611,2026-06-03,tair_mean_daily,21.9,°C,2026-06-04T07:09:56.363555
0PU22,APRICENA,41.773335,15.438611,2026-06-03,tair_min_daily,15.4,°C,2026-06-04T07:09:55.404098
0PU22,APRICENA,41.773335,15.438611,2026-06-03,ws_max_daily,20.5,m/s,2026-06-04T07:10:05.666844
0PU22,APRICENA,41.773335,15.438611,2026-06-03,ws_max_daily,8.6,m/s,2026-06-04T07:10:05.666849
0PU22,APRICENA,41.773335,15.438611,2026-06-03,ws_mean_daily,1.0,m/s,2026-06-04T07:10:04.544684
0PU22,APRICENA,41.773335,15.438611,2026-06-03,ws_mean_daily,3.3,m/s,2026-06-04T07:10:04.544689
0PU23,MANFREDONIA,41.541389,15.885833,2026-06-03,precip_sum_daily,2.8,mm,2026-06-04T07:10:02.076201
0PU23,MANFREDONIA,41.541389,15.885833,2026-06-03,rh_max_daily,93.0,%,2026-06-04T07:10:00.566698
0PU23,MANFREDONIA,41.541389,15.885833,2026-06-03,rh_mean_daily,78.0,%,2026-06-04T07:09:59.546929
0PU23,MANFREDONIA,41.541389,15.885833,2026-06-03,rh_min_daily,53.0,%,2026-06-04T07:09:58.271916
0PU23,MANFREDONIA,41.541389,15.885833,2026-06-03,rs_sum_daily,13408.0,W/m²,2026-06-04T07:10:03.060057
0PU23,MANFREDONIA,41.541389,15.885833,2026-06-03,tair_max_daily,27.0,°C,2026-06-04T07:09:57.318775
0PU23,MANFREDONIA,41.541389,15.885833,2026-06-03,tair_mean_daily,20.9,°C,2026-06-04T07:09:56.363561
0PU23,MANFREDONIA,41.541389,15.885833,2026-06-03,tair_min_daily,15.1,°C,2026-06-04T07:09:55.404103
0PU23,MANFREDONIA,41.541389,15.885833,2026-06-03,ws_max_daily,5.9,m/s,2026-06-04T07:10:05.666857
0PU23,MANFREDONIA,41.541389,15.885833,2026-06-03,ws_max_daily,8.9,m/s,2026-06-04T07:10:05.666862
0PU23,MANFREDONIA,41.541389,15.885833,2026-06-03,ws_mean_daily,0.9,m/s,2026-06-04T07:10:04.544694
0PU23,MANFREDONIA,41.541389,15.885833,2026-06-03,ws_mean_daily,2.4,m/s,2026-06-04T07:10:04.544699
0PU25,NOCIGLIA,40.034443,18.313057,2026-06-03,precip_sum_daily,0.0,mm,2026-06-04T07:10:02.076211
0PU25,NOCIGLIA,40.034443,18.313057,2026-06-03,rh_max_daily,95.0,%,2026-06-04T07:10:00.566701
0PU25,NOCIGLIA,40.034443,18.313057,2026-06-03,rh_mean_daily,78.0,%,2026-06-04T07:09:59.546932
0PU25,NOCIGLIA,40.034443,18.313057,2026-06-03,rh_min_daily,43.0,%,2026-06-04T07:09:58.271928
0PU25,NOCIGLIA,40.034443,18.313057,2026-06-03,rs_sum_daily,25138.0,W/m²,2026-06-04T07:10:03.060064
0PU25,NOCIGLIA,40.034443,18.313057,2026-06-03,tair_max_daily,29.2,°C,2026-06-04T07:09:57.318784
0PU25,NOCIGLIA,40.034443,18.313057,2026-06-03,tair_mean_daily,23.0,°C,2026-06-04T07:09:56.363573
0PU25,NOCIGLIA,40.034443,18.313057,2026-06-03,tair_min_daily,19.2,°C,2026-06-04T07:09:55.404108
0PU25,NOCIGLIA,40.034443,18.313057,2026-06-03,ws_max_daily,10.8,m/s,2026-06-04T07:10:05.666869
0PU25,NOCIGLIA,40.034443,18.313057,2026-06-03,ws_max_daily,7.8,m/s,2026-06-04T07:10:05.666875
0PU25,NOCIGLIA,40.034443,18.313057,2026-06-03,ws_mean_daily,2.4,m/s,2026-06-04T07:10:04.544704
0PU25,NOCIGLIA,40.034443,18.313057,2026-06-03,ws_mean_daily,4.1,m/s,2026-06-04T07:10:04.544709
0PU27,GROTTAGLIE,40.53389,17.362778,2026-06-03,rh_max_daily,100.0,%,2026-06-04T07:10:00.566704
0PU27,GROTTAGLIE,40.53389,17.362778,2026-06-03,rh_mean_daily,72.0,%,2026-06-04T07:09:59.546937
0PU27,GROTTAGLIE,40.53389,17.362778,2026-06-03,rh_min_daily,36.0,%,2026-06-04T07:09:58.271936
0PU27,GROTTAGLIE,40.53389,17.362778,2026-06-03,tair_max_daily,30.2,°C,2026-06-04T07:09:57.318789
0PU27,GROTTAGLIE,40.53389,17.362778,2026-06-03,tair_mean_daily,22.5,°C,2026-06-04T07:09:56.363580
0PU27,GROTTAGLIE,40.53389,17.362778,2026-06-03,tair_min_daily,14.4,°C,2026-06-04T07:09:55.404113
0PU28,TRANI,41.247501,16.415556,2026-06-03,precip_sum_daily,0.0,mm,2026-06-04T07:10:02.076218
0PU28,TRANI,41.247501,16.415556,2026-06-03,rh_max_daily,91.0,%,2026-06-04T07:10:00.566713
0PU28,TRANI,41.247501,16.415556,2026-06-03,rh_mean_daily,60.0,%,2026-06-04T07:09:59.546947
0PU28,TRANI,41.247501,16.415556,2026-06-03,rh_min_daily,38.0,%,2026-06-04T07:09:58.271944
0PU28,TRANI,41.247501,16.415556,2026-06-03,rs_sum_daily,18493.0,W/m²,2026-06-04T07:10:03.060070
0PU28,TRANI,41.247501,16.415556,2026-06-03,tair_max_daily,29.1,°C,2026-06-04T07:09:57.318794
0PU28,TRANI,41.247501,16.415556,2026-06-03,tair_mean_daily,23.6,°C,2026-06-04T07:09:56.363586
0PU28,TRANI,41.247501,16.415556,2026-06-03,tair_min_daily,18.3,°C,2026-06-04T07:09:55.404119
0PU28,TRANI,41.247501,16.415556,2026-06-03,ws_max_daily,6.9,m/s,2026-06-04T07:10:05.666880
0PU28,TRANI,41.247501,16.415556,2026-06-03,ws_max_daily,8.5,m/s,2026-06-04T07:10:05.666886
0PU28,TRANI,41.247501,16.415556,2026-06-03,ws_mean_daily,1.5,m/s,2026-06-04T07:10:04.544714
0PU28,TRANI,41.247501,16.415556,2026-06-03,ws_mean_daily,2.6,m/s,2026-06-04T07:10:04.544720
0PU30,NOICATTARO,41.021942,16.967777,2026-06-03,precip_sum_daily,0.0,mm,2026-06-04T07:10:02.076224
0PU30,NOICATTARO,41.021942,16.967777,2026-06-03,rh_max_daily,88.0,%,2026-06-04T07:10:00.566720
0PU30,NOICATTARO,41.021942,16.967777,2026-06-03,rh_mean_daily,65.0,%,2026-06-04T07:09:59.546954
0PU30,NOICATTARO,41.021942,16.967777,2026-06-03,rh_min_daily,40.0,%,2026-06-04T07:09:58.271951
0PU30,NOICATTARO,41.021942,16.967777,2026-06-03,rs_sum_daily,9360.0,W/m²,2026-06-04T07:10:03.060077
0PU30,NOICATTARO,41.021942,16.967777,2026-06-03,tair_max_daily,29.4,°C,2026-06-04T07:09:57.318799
0PU30,NOICATTARO,41.021942,16.967777,2026-06-03,tair_mean_daily,23.0,°C,2026-06-04T07:09:56.363593
0PU30,NOICATTARO,41.021942,16.967777,2026-06-03,tair_min_daily,17.3,°C,2026-06-04T07:09:55.404124
0PU30,NOICATTARO,41.021942,16.967777,2026-06-03,ws_max_daily,8.0,m/s,2026-06-04T07:10:05.666892
0PU30,NOICATTARO,41.021942,16.967777,2026-06-03,ws_max_daily,10.8,m/s,2026-06-04T07:10:05.666897
0PU30,NOICATTARO,41.021942,16.967777,2026-06-03,ws_mean_daily,2.0,m/s,2026-06-04T07:10:04.544725
0PU30,NOICATTARO,41.021942,16.967777,2026-06-03,ws_mean_daily,3.5,m/s,2026-06-04T07:10:04.544730
0PU31,ALBEROBELLO,40.790558,17.233334,2026-06-03,precip_sum_daily,2.0,mm,2026-06-04T07:10:02.076230
0PU31,ALBEROBELLO,40.790558,17.233334,2026-06-03,rh_max_daily,94.0,%,2026-06-04T07:10:00.566726
0PU31,ALBEROBELLO,40.790558,17.233334,2026-06-03,rh_mean_daily,62.0,%,2026-06-04T07:09:59.546960
0PU31,ALBEROBELLO,40.790558,17.233334,2026-06-03,rh_min_daily,37.0,%,2026-06-04T07:09:58.271957
0PU31,ALBEROBELLO,40.790558,17.233334,2026-06-03,rs_sum_daily,25360.0,W/m²,2026-06-04T07:10:03.060084
0PU31,ALBEROBELLO,40.790558,17.233334,2026-06-03,tair_max_daily,28.5,°C,2026-06-04T07:09:57.318804
0PU31,ALBEROBELLO,40.790558,17.233334,2026-06-03,tair_mean_daily,22.0,°C,2026-06-04T07:09:56.363602
0PU31,ALBEROBELLO,40.790558,17.233334,2026-06-03,tair_min_daily,17.6,°C,2026-06-04T07:09:55.404131
0PU31,ALBEROBELLO,40.790558,17.233334,2026-06-03,ws_max_daily,5.9,m/s,2026-06-04T07:10:05.666909
0PU31,ALBEROBELLO,40.790558,17.233334,2026-06-03,ws_max_daily,11.0,m/s,2026-06-04T07:10:05.666916
0PU31,ALBEROBELLO,40.790558,17.233334,2026-06-03,ws_mean_daily,1.3,m/s,2026-06-04T07:10:04.544737
0PU31,ALBEROBELLO,40.790558,17.233334,2026-06-03,ws_mean_daily,3.4,m/s,2026-06-04T07:10:04.544742
0PU33,MOCCARI,40.558334,17.851667,2026-06-03,precip_sum_daily,0.0,mm,2026-06-04T07:10:02.076236
0PU33,MOCCARI,40.558334,17.851667,2026-06-03,rh_max_daily,93.0,%,2026-06-04T07:10:00.566735
0PU33,MOCCARI,40.558334,17.851667,2026-06-03,rh_mean_daily,71.0,%,2026-06-04T07:09:59.546970
0PU33,MOCCARI,40.558334,17.851667,2026-06-03,rh_min_daily,42.0,%,2026-06-04T07:09:58.271967
0PU33,MOCCARI,40.558334,17.851667,2026-06-03,rs_sum_daily,24049.0,W/m²,2026-06-04T07:10:03.060091
0PU33,MOCCARI,40.558334,17.851667,2026-06-03,tair_max_daily,30.9,°C,2026-06-04T07:09:57.318811
0PU33,MOCCARI,40.558334,17.851667,2026-06-03,tair_mean_daily,24.0,°C,2026-06-04T07:09:56.363608
0PU33,MOCCARI,40.558334,17.851667,2026-06-03,tair_min_daily,18.9,°C,2026-06-04T07:09:55.404137
0PU33,MOCCARI,40.558334,17.851667,2026-06-03,ws_max_daily,9.8,m/s,2026-06-04T07:10:05.666922
0PU33,MOCCARI,40.558334,17.851667,2026-06-03,ws_max_daily,12.3,m/s,2026-06-04T07:10:05.666927
0PU33,MOCCARI,40.558334,17.851667,2026-06-03,ws_mean_daily,2.3,m/s,2026-06-04T07:10:04.544750
0PU33,MOCCARI,40.558334,17.851667,2026-06-03,ws_mean_daily,4.3,m/s,2026-06-04T07:10:04.544755
0PU34,LATIANO,40.548332,17.688057,2026-06-03,precip_sum_daily,0.0,mm,2026-06-04T07:10:02.076246
0PU34,LATIANO,40.548332,17.688057,2026-06-03,rh_max_daily,100.0,%,2026-06-04T07:10:00.566741
0PU34,LATIANO,40.548332,17.688057,2026-06-03,rh_mean_daily,74.0,%,2026-06-04T07:09:59.546976
0PU34,LATIANO,40.548332,17.688057,2026-06-03,rh_min_daily,40.0,%,2026-06-04T07:09:58.271974
0PU34,LATIANO,40.548332,17.688057,2026-06-03,rs_sum_daily,21248.0,W/m²,2026-06-04T07:10:03.060098
0PU34,LATIANO,40.548332,17.688057,2026-06-03,tair_max_daily,29.0,°C,2026-06-04T07:09:57.318816
0PU34,LATIANO,40.548332,17.688057,2026-06-03,tair_mean_daily,22.5,°C,2026-06-04T07:09:56.363619
0PU34,LATIANO,40.548332,17.688057,2026-06-03,tair_min_daily,17.6,°C,2026-06-04T07:09:55.404142
0PU34,LATIANO,40.548332,17.688057,2026-06-03,ws_max_daily,9.2,m/s,2026-06-04T07:10:05.666932
0PU34,LATIANO,40.548332,17.688057,2026-06-03,ws_max_daily,7.4,m/s,2026-06-04T07:10:05.666938
0PU34,LATIANO,40.548332,17.688057,2026-06-03,ws_mean_daily,2.1,m/s,2026-06-04T07:10:04.544762
0PU34,LATIANO,40.548332,17.688057,2026-06-03,ws_mean_daily,3.2,m/s,2026-06-04T07:10:04.544767
0PU35,SAN VITO DEI NORMANNI,40.629166,17.73361,2026-06-03,precip_sum_daily,0.2,mm,2026-06-04T07:10:02.076252
0PU35,SAN VITO DEI NORMANNI,40.629166,17.73361,2026-06-03,rh_max_daily,100.0,%,2026-06-04T07:10:00.566746
0PU35,SAN VITO DEI NORMANNI,40.629166,17.73361,2026-06-03,rh_min_daily,100.0,%,2026-06-04T07:09:58.271983
0PU35,SAN VITO DEI NORMANNI,40.629166,17.73361,2026-06-03,rs_sum_daily,25146.0,W/m²,2026-06-04T07:10:03.060118
0PU35,SAN VITO DEI NORMANNI,40.629166,17.73361,2026-06-03,tair_max_daily,31.5,°C,2026-06-04T07:09:57.318824
0PU35,SAN VITO DEI NORMANNI,40.629166,17.73361,2026-06-03,tair_mean_daily,24.1,°C,2026-06-04T07:09:56.363626
0PU35,SAN VITO DEI NORMANNI,40.629166,17.73361,2026-06-03,tair_min_daily,18.5,°C,2026-06-04T07:09:55.404148
0PU35,SAN VITO DEI NORMANNI,40.629166,17.73361,2026-06-03,ws_max_daily,7.5,m/s,2026-06-04T07:10:05.666943
0PU35,SAN VITO DEI NORMANNI,40.629166,17.73361,2026-06-03,ws_max_daily,11.5,m/s,2026-06-04T07:10:05.666951
0PU35,SAN VITO DEI NORMANNI,40.629166,17.73361,2026-06-03,ws_mean_daily,1.3,m/s,2026-06-04T07:10:04.544772
0PU35,SAN VITO DEI NORMANNI,40.629166,17.73361,2026-06-03,ws_mean_daily,3.3,m/s,2026-06-04T07:10:04.544778
0PU36,VILLANOVA,41.654167,15.586667,2026-06-03,precip_sum_daily,22.3,mm,2026-06-04T07:10:02.076256
0PU36,VILLANOVA,41.654167,15.586667,2026-06-03,rh_max_daily,93.0,%,2026-06-04T07:10:00.566751
0PU36,VILLANOVA,41.654167,15.586667,2026-06-03,rh_mean_daily,75.0,%,2026-06-04T07:09:59.546981
0PU36,VILLANOVA,41.654167,15.586667,2026-06-03,rh_min_daily,47.0,%,2026-06-04T07:09:58.271990
0PU36,VILLANOVA,41.654167,15.586667,2026-06-03,rs_sum_daily,13540.0,W/m²,2026-06-04T07:10:03.060128
0PU36,VILLANOVA,41.654167,15.586667,2026-06-03,tair_max_daily,28.6,°C,2026-06-04T07:09:57.318829
0PU36,VILLANOVA,41.654167,15.586667,2026-06-03,tair_mean_daily,21.7,°C,2026-06-04T07:09:56.363635
0PU36,VILLANOVA,41.654167,15.586667,2026-06-03,tair_min_daily,16.2,°C,2026-06-04T07:09:55.404158
0PU36,VILLANOVA,41.654167,15.586667,2026-06-03,ws_max_daily,22.3,m/s,2026-06-04T07:10:05.666956
0PU36,VILLANOVA,41.654167,15.586667,2026-06-03,ws_max_daily,16.5,m/s,2026-06-04T07:10:05.666961
0PU36,VILLANOVA,41.654167,15.586667,2026-06-03,ws_mean_daily,0.5,m/s,2026-06-04T07:10:04.544784
0PU36,VILLANOVA,41.654167,15.586667,2026-06-03,ws_mean_daily,3.2,m/s,2026-06-04T07:10:04.544792
0PU37,TROIA,41.336388,15.382778,2026-06-03,precip_sum_daily,0.0,mm,2026-06-04T07:10:02.076261
0PU37,TROIA,41.336388,15.382778,2026-06-03,rh_max_daily,85.0,%,2026-06-04T07:10:00.566756
0PU37,TROIA,41.336388,15.382778,2026-06-03,rh_mean_daily,66.0,%,2026-06-04T07:09:59.546987
0PU37,TROIA,41.336388,15.382778,2026-06-03,rh_min_daily,45.0,%,2026-06-04T07:09:58.271996
0PU37,TROIA,41.336388,15.382778,2026-06-03,rs_sum_daily,14627.0,W/m²,2026-06-04T07:10:03.060136
0PU37,TROIA,41.336388,15.382778,2026-06-03,tair_max_daily,28.6,°C,2026-06-04T07:09:57.318835
0PU37,TROIA,41.336388,15.382778,2026-06-03,tair_mean_daily,21.8,°C,2026-06-04T07:09:56.363640
0PU37,TROIA,41.336388,15.382778,2026-06-03,tair_min_daily,13.5,°C,2026-06-04T07:09:55.404163
0PU37,TROIA,41.336388,15.382778,2026-06-03,ws_max_daily,14.4,m/s,2026-06-04T07:10:05.666969
0PU37,TROIA,41.336388,15.382778,2026-06-03,ws_max_daily,16.2,m/s,2026-06-04T07:10:05.666974
0PU37,TROIA,41.336388,15.382778,2026-06-03,ws_mean_daily,2.5,m/s,2026-06-04T07:10:04.544797
0PU37,TROIA,41.336388,15.382778,2026-06-03,ws_mean_daily,4.3,m/s,2026-06-04T07:10:04.544800
0PU38,BORGO LA ROCCA,41.558334,15.516111,2026-06-03,precip_sum_daily,5.6,mm,2026-06-04T07:10:02.076266
0PU38,BORGO LA ROCCA,41.558334,15.516111,2026-06-03,rh_max_daily,93.0,%,2026-06-04T07:10:00.566761
0PU38,BORGO LA ROCCA,41.558334,15.516111,2026-06-03,rh_mean_daily,73.0,%,2026-06-04T07:09:59.546993
0PU38,BORGO LA ROCCA,41.558334,15.516111,2026-06-03,rh_min_daily,43.0,%,2026-06-04T07:09:58.272003
0PU38,BORGO LA ROCCA,41.558334,15.516111,2026-06-03,rs_sum_daily,13330.0,W/m²,2026-06-04T07:10:03.060142
0PU38,BORGO LA ROCCA,41.558334,15.516111,2026-06-03,tair_max_daily,28.1,°C,2026-06-04T07:09:57.318839
0PU38,BORGO LA ROCCA,41.558334,15.516111,2026-06-03,tair_mean_daily,21.4,°C,2026-06-04T07:09:56.363644
0PU38,BORGO LA ROCCA,41.558334,15.516111,2026-06-03,tair_min_daily,15.8,°C,2026-06-04T07:09:55.404167
0PU38,BORGO LA ROCCA,41.558334,15.516111,2026-06-03,ws_max_daily,16.8,m/s,2026-06-04T07:10:05.666979
0PU38,BORGO LA ROCCA,41.558334,15.516111,2026-06-03,ws_max_daily,20.1,m/s,2026-06-04T07:10:05.666984
0PU38,BORGO LA ROCCA,41.558334,15.516111,2026-06-03,ws_mean_daily,2.1,m/s,2026-06-04T07:10:04.544803
0PU38,BORGO LA ROCCA,41.558334,15.516111,2026-06-03,ws_mean_daily,3.4,m/s,2026-06-04T07:10:04.544806
0PU40,ARCHE,40.273888,18.013611,2026-06-03,precip_sum_daily,0.0,mm,2026-06-04T07:10:02.076270
0PU40,ARCHE,40.273888,18.013611,2026-06-03,rh_max_daily,94.0,%,2026-06-04T07:10:00.566766
0PU40,ARCHE,40.273888,18.013611,2026-06-03,rh_mean_daily,65.0,%,2026-06-04T07:09:59.546998
0PU40,ARCHE,40.273888,18.013611,2026-06-03,rh_min_daily,31.0,%,2026-06-04T07:09:58.272009
0PU40,ARCHE,40.273888,18.013611,2026-06-03,rs_sum_daily,27834.0,W/m²,2026-06-04T07:10:03.060149
0PU40,ARCHE,40.273888,18.013611,2026-06-03,tair_max_daily,30.5,°C,2026-06-04T07:09:57.318844
0PU40,ARCHE,40.273888,18.013611,2026-06-03,tair_mean_daily,24.5,°C,2026-06-04T07:09:56.363648
0PU40,ARCHE,40.273888,18.013611,2026-06-03,tair_min_daily,19.3,°C,2026-06-04T07:09:55.404170
0PU40,ARCHE,40.273888,18.013611,2026-06-03,ws_max_daily,8.3,m/s,2026-06-04T07:10:05.666989
0PU40,ARCHE,40.273888,18.013611,2026-06-03,ws_max_daily,9.8,m/s,2026-06-04T07:10:05.666994
0PU40,ARCHE,40.273888,18.013611,2026-06-03,ws_mean_daily,2.4,m/s,2026-06-04T07:10:04.544811
0PU40,ARCHE,40.273888,18.013611,2026-06-03,ws_mean_daily,3.5,m/s,2026-06-04T07:10:04.544813
0PU41,LECCE,40.326668,18.139999,2026-06-03,precip_sum_daily,0.0,mm,2026-06-04T07:10:02.076275
0PU41,LECCE,40.326668,18.139999,2026-06-03,rh_max_daily,92.0,%,2026-06-04T07:10:00.566771
0PU41,LECCE,40.326668,18.139999,2026-06-03,rh_mean_daily,66.0,%,2026-06-04T07:09:59.547003
0PU41,LECCE,40.326668,18.139999,2026-06-03,rh_min_daily,32.0,%,2026-06-04T07:09:58.272015
0PU41,LECCE,40.326668,18.139999,2026-06-03,rs_sum_daily,26208.0,W/m²,2026-06-04T07:10:03.060156
0PU41,LECCE,40.326668,18.139999,2026-06-03,tair_max_daily,31.5,°C,2026-06-04T07:09:57.318849
0PU41,LECCE,40.326668,18.139999,2026-06-03,tair_mean_daily,24.9,°C,2026-06-04T07:09:56.363651
0PU41,LECCE,40.326668,18.139999,2026-06-03,tair_min_daily,20.2,°C,2026-06-04T07:09:55.404173
0PU41,LECCE,40.326668,18.139999,2026-06-03,ws_max_daily,7.1,m/s,2026-06-04T07:10:05.666999
0PU41,LECCE,40.326668,18.139999,2026-06-03,ws_max_daily,9.9,m/s,2026-06-04T07:10:05.667004
0PU41,LECCE,40.326668,18.139999,2026-06-03,ws_mean_daily,2.5,m/s,2026-06-04T07:10:04.544816
0PU41,LECCE,40.326668,18.139999,2026-06-03,ws_mean_daily,3.8,m/s,2026-06-04T07:10:04.544819
0PU42,SALICE SALENTINO,40.390556,17.875278,2026-06-03,precip_sum_daily,0.0,mm,2026-06-04T07:10:02.076281
0PU42,SALICE SALENTINO,40.390556,17.875278,2026-06-03,rh_max_daily,93.0,%,2026-06-04T07:10:00.566776
0PU42,SALICE SALENTINO,40.390556,17.875278,2026-06-03,rh_mean_daily,73.0,%,2026-06-04T07:09:59.547008
0PU42,SALICE SALENTINO,40.390556,17.875278,2026-06-03,rh_min_daily,44.0,%,2026-06-04T07:09:58.272022
0PU42,SALICE SALENTINO,40.390556,17.875278,2026-06-03,rs_sum_daily,27338.0,W/m²,2026-06-04T07:10:03.060163
0PU42,SALICE SALENTINO,40.390556,17.875278,2026-06-03,tair_max_daily,28.6,°C,2026-06-04T07:09:57.318855
0PU42,SALICE SALENTINO,40.390556,17.875278,2026-06-03,tair_mean_daily,23.4,°C,2026-06-04T07:09:56.363655
0PU42,SALICE SALENTINO,40.390556,17.875278,2026-06-03,tair_min_daily,18.1,°C,2026-06-04T07:09:55.404178
0PU42,SALICE SALENTINO,40.390556,17.875278,2026-06-03,ws_max_daily,9.9,m/s,2026-06-04T07:10:05.667009
0PU42,SALICE SALENTINO,40.390556,17.875278,2026-06-03,ws_max_daily,10.6,m/s,2026-06-04T07:10:05.667014
0PU42,SALICE SALENTINO,40.390556,17.875278,2026-06-03,ws_mean_daily,2.1,m/s,2026-06-04T07:10:04.544822
0PU42,SALICE SALENTINO,40.390556,17.875278,2026-06-03,ws_mean_daily,3.7,m/s,2026-06-04T07:10:04.544826
0PU43,LUCUGNANO,39.930279,18.3225,2026-06-03,precip_sum_daily,0.0,mm,2026-06-04T07:10:02.076287
0PU43,LUCUGNANO,39.930279,18.3225,2026-06-03,rh_max_daily,96.0,%,2026-06-04T07:10:00.566781
0PU43,LUCUGNANO,39.930279,18.3225,2026-06-03,rh_mean_daily,80.0,%,2026-06-04T07:09:59.547013
0PU43,LUCUGNANO,39.930279,18.3225,2026-06-03,rh_min_daily,50.0,%,2026-06-04T07:09:58.272028
0PU43,LUCUGNANO,39.930279,18.3225,2026-06-03,rs_sum_daily,24258.0,W/m²,2026-06-04T07:10:03.060170
0PU43,LUCUGNANO,39.930279,18.3225,2026-06-03,tair_max_daily,27.9,°C,2026-06-04T07:09:57.318860
0PU43,LUCUGNANO,39.930279,18.3225,2026-06-03,tair_mean_daily,22.8,°C,2026-06-04T07:09:56.363661
0PU43,LUCUGNANO,39.930279,18.3225,2026-06-03,tair_min_daily,19.0,°C,2026-06-04T07:09:55.404181
0PU43,LUCUGNANO,39.930279,18.3225,2026-06-03,ws_max_daily,9.5,m/s,2026-06-04T07:10:05.667022
0PU43,LUCUGNANO,39.930279,18.3225,2026-06-03,ws_max_daily,6.4,m/s,2026-06-04T07:10:05.667032
0PU43,LUCUGNANO,39.930279,18.3225,2026-06-03,ws_mean_daily,1.3,m/s,2026-06-04T07:10:04.544829
0PU43,LUCUGNANO,39.930279,18.3225,2026-06-03,ws_mean_daily,3.2,m/s,2026-06-04T07:10:04.544832
0PU44,MANDURIA,40.381943,17.621111,2026-06-03,precip_sum_daily,0.0,mm,2026-06-04T07:10:02.076292
0PU44,MANDURIA,40.381943,17.621111,2026-06-03,rh_max_daily,90.0,%,2026-06-04T07:10:00.566786
0PU44,MANDURIA,40.381943,17.621111,2026-06-03,rh_mean_daily,75.0,%,2026-06-04T07:09:59.547019
0PU44,MANDURIA,40.381943,17.621111,2026-06-03,rh_min_daily,43.0,%,2026-06-04T07:09:58.272035
0PU44,MANDURIA,40.381943,17.621111,2026-06-03,rs_sum_daily,23222.0,W/m²,2026-06-04T07:10:03.060178
0PU44,MANDURIA,40.381943,17.621111,2026-06-03,tair_max_daily,28.8,°C,2026-06-04T07:09:57.318864
0PU44,MANDURIA,40.381943,17.621111,2026-06-03,tair_mean_daily,22.8,°C,2026-06-04T07:09:56.363665
0PU44,MANDURIA,40.381943,17.621111,2026-06-03,tair_min_daily,18.5,°C,2026-06-04T07:09:55.404185
0PU44,MANDURIA,40.381943,17.621111,2026-06-03,ws_max_daily,8.3,m/s,2026-06-04T07:10:05.667038
0PU44,MANDURIA,40.381943,17.621111,2026-06-03,ws_max_daily,10.0,m/s,2026-06-04T07:10:05.667042
0PU44,MANDURIA,40.381943,17.621111,2026-06-03,ws_mean_daily,2.2,m/s,2026-06-04T07:10:04.544835
0PU44,MANDURIA,40.381943,17.621111,2026-06-03,ws_mean_daily,3.7,m/s,2026-06-04T07:10:04.544838
0PU45,MOTTOLA,40.675556,16.996111,2026-06-03,precip_sum_daily,1.6,mm,2026-06-04T07:10:02.076297
0PU45,MOTTOLA,40.675556,16.996111,2026-06-03,rh_max_daily,92.0,%,2026-06-04T07:10:00.566791
0PU45,MOTTOLA,40.675556,16.996111,2026-06-03,rh_mean_daily,73.0,%,2026-06-04T07:09:59.547023
0PU45,MOTTOLA,40.675556,16.996111,2026-06-03,rh_min_daily,48.0,%,2026-06-04T07:09:58.272041
0PU45,MOTTOLA,40.675556,16.996111,2026-06-03,rs_sum_daily,23561.0,W/m²,2026-06-04T07:10:03.060186
0PU45,MOTTOLA,40.675556,16.996111,2026-06-03,tair_max_daily,28.1,°C,2026-06-04T07:09:57.318869
0PU45,MOTTOLA,40.675556,16.996111,2026-06-03,tair_mean_daily,20.7,°C,2026-06-04T07:09:56.363668
0PU45,MOTTOLA,40.675556,16.996111,2026-06-03,tair_min_daily,13.2,°C,2026-06-04T07:09:55.404187
0PU45,MOTTOLA,40.675556,16.996111,2026-06-03,ws_max_daily,7.5,m/s,2026-06-04T07:10:05.667047
0PU45,MOTTOLA,40.675556,16.996111,2026-06-03,ws_max_daily,9.4,m/s,2026-06-04T07:10:05.667049
0PU45,MOTTOLA,40.675556,16.996111,2026-06-03,ws_mean_daily,1.2,m/s,2026-06-04T07:10:04.544840
0PU45,MOTTOLA,40.675556,16.996111,2026-06-03,ws_mean_daily,2.6,m/s,2026-06-04T07:10:04.544843
0PU46,MASSAFRA,40.582779,17.091944,2026-06-03,precip_sum_daily,3.2,mm,2026-06-04T07:10:02.076302
0PU46,MASSAFRA,40.582779,17.091944,2026-06-03,rh_max_daily,99.0,%,2026-06-04T07:10:00.566797
0PU46,MASSAFRA,40.582779,17.091944,2026-06-03,rh_mean_daily,72.0,%,2026-06-04T07:09:59.547029
0PU46,MASSAFRA,40.582779,17.091944,2026-06-03,rh_min_daily,39.0,%,2026-06-04T07:09:58.272047
0PU46,MASSAFRA,40.582779,17.091944,2026-06-03,rs_sum_daily,23288.0,W/m²,2026-06-04T07:10:03.060193
0PU46,MASSAFRA,40.582779,17.091944,2026-06-03,tair_max_daily,29.3,°C,2026-06-04T07:09:57.318875
0PU46,MASSAFRA,40.582779,17.091944,2026-06-03,tair_mean_daily,22.1,°C,2026-06-04T07:09:56.363674
0PU46,MASSAFRA,40.582779,17.091944,2026-06-03,tair_min_daily,14.3,°C,2026-06-04T07:09:55.404192
0PU46,MASSAFRA,40.582779,17.091944,2026-06-03,ws_max_daily,5.8,m/s,2026-06-04T07:10:05.667052
0PU46,MASSAFRA,40.582779,17.091944,2026-06-03,ws_max_daily,5.1,m/s,2026-06-04T07:10:05.667055
0PU46,MASSAFRA,40.582779,17.091944,2026-06-03,ws_mean_daily,0.8,m/s,2026-06-04T07:10:04.544846
0PU46,MASSAFRA,40.582779,17.091944,2026-06-03,ws_mean_daily,1.4,m/s,2026-06-04T07:10:04.544849
0PU47,CASTELLANETA,40.494446,16.878889,2026-06-03,precip_sum_daily,0.0,mm,2026-06-04T07:10:02.076307
0PU47,CASTELLANETA,40.494446,16.878889,2026-06-03,rh_max_daily,100.0,%,2026-06-04T07:10:00.566804
0PU47,CASTELLANETA,40.494446,16.878889,2026-06-03,rh_mean_daily,70.0,%,2026-06-04T07:09:59.547034
0PU47,CASTELLANETA,40.494446,16.878889,2026-06-03,rh_min_daily,39.0,%,2026-06-04T07:09:58.272057
0PU47,CASTELLANETA,40.494446,16.878889,2026-06-03,rs_sum_daily,24029.0,W/m²,2026-06-04T07:10:03.060203
0PU47,CASTELLANETA,40.494446,16.878889,2026-06-03,tair_max_daily,28.1,°C,2026-06-04T07:09:57.318883
0PU47,CASTELLANETA,40.494446,16.878889,2026-06-03,tair_mean_daily,22.1,°C,2026-06-04T07:09:56.363677
0PU47,CASTELLANETA,40.494446,16.878889,2026-06-03,tair_min_daily,14.9,°C,2026-06-04T07:09:55.404195
0PU47,CASTELLANETA,40.494446,16.878889,2026-06-03,ws_max_daily,6.2,m/s,2026-06-04T07:10:05.667058
0PU47,CASTELLANETA,40.494446,16.878889,2026-06-03,ws_max_daily,8.1,m/s,2026-06-04T07:10:05.667061
0PU47,CASTELLANETA,40.494446,16.878889,2026-06-03,ws_mean_daily,0.9,m/s,2026-06-04T07:10:04.544852
0PU47,CASTELLANETA,40.494446,16.878889,2026-06-03,ws_mean_daily,2.1,m/s,2026-06-04T07:10:04.544854
0PU48,BARI C.N.R. IRSA,41.116943,16.820557,2026-06-03,precip_sum_daily,0.8,mm,2026-06-04T07:10:02.076315
0PU48,BARI C.N.R. IRSA,41.116943,16.820557,2026-06-03,rh_max_daily,87.0,%,2026-06-04T07:10:00.566809
0PU48,BARI C.N.R. IRSA,41.116943,16.820557,2026-06-03,rh_mean_daily,60.0,%,2026-06-04T07:09:59.547042
0PU48,BARI C.N.R. IRSA,41.116943,16.820557,2026-06-03,rh_min_daily,38.0,%,2026-06-04T07:09:58.272064
0PU48,BARI C.N.R. IRSA,41.116943,16.820557,2026-06-03,rs_sum_daily,14120.0,W/m²,2026-06-04T07:10:03.060212
0PU48,BARI C.N.R. IRSA,41.116943,16.820557,2026-06-03,tair_max_daily,30.0,°C,2026-06-04T07:09:57.318889
0PU48,BARI C.N.R. IRSA,41.116943,16.820557,2026-06-03,tair_mean_daily,24.3,°C,2026-06-04T07:09:56.363681
0PU48,BARI C.N.R. IRSA,41.116943,16.820557,2026-06-03,tair_min_daily,17.8,°C,2026-06-04T07:09:55.404198
0PU48,BARI C.N.R. IRSA,41.116943,16.820557,2026-06-03,ws_max_daily,6.5,m/s,2026-06-04T07:10:05.667063
0PU48,BARI C.N.R. IRSA,41.116943,16.820557,2026-06-03,ws_max_daily,9.7,m/s,2026-06-04T07:10:05.667066
0PU48,BARI C.N.R. IRSA,41.116943,16.820557,2026-06-03,ws_mean_daily,0.9,m/s,2026-06-04T07:10:04.544857
0PU48,BARI C.N.R. IRSA,41.116943,16.820557,2026-06-03,ws_mean_daily,2.2,m/s,2026-06-04T07:10:04.544860
0PU49,LOCOROTONDO ITAS,40.757221,17.340834,2026-06-03,precip_sum_daily,0.2,mm,2026-06-04T07:10:02.076321
0PU49,LOCOROTONDO ITAS,40.757221,17.340834,2026-06-03,rh_max_daily,89.0,%,2026-06-04T07:10:00.566815
0PU49,LOCOROTONDO ITAS,40.757221,17.340834,2026-06-03,rh_mean_daily,66.0,%,2026-06-04T07:09:59.547052
0PU49,LOCOROTONDO ITAS,40.757221,17.340834,2026-06-03,rh_min_daily,39.0,%,2026-06-04T07:09:58.272072
0PU49,LOCOROTONDO ITAS,40.757221,17.340834,2026-06-03,rs_sum_daily,23568.0,W/m²,2026-06-04T07:10:03.060223
0PU49,LOCOROTONDO ITAS,40.757221,17.340834,2026-06-03,tair_max_daily,28.4,°C,2026-06-04T07:09:57.318897
0PU49,LOCOROTONDO ITAS,40.757221,17.340834,2026-06-03,tair_mean_daily,22.0,°C,2026-06-04T07:09:56.363684
0PU49,LOCOROTONDO ITAS,40.757221,17.340834,2026-06-03,tair_min_daily,16.3,°C,2026-06-04T07:09:55.404201
0PU49,LOCOROTONDO ITAS,40.757221,17.340834,2026-06-03,ws_max_daily,10.3,m/s,2026-06-04T07:10:05.667069
0PU49,LOCOROTONDO ITAS,40.757221,17.340834,2026-06-03,ws_max_daily,8.1,m/s,2026-06-04T07:10:05.667073
0PU49,LOCOROTONDO ITAS,40.757221,17.340834,2026-06-03,ws_mean_daily,2.1,m/s,2026-06-04T07:10:04.544863
0PU49,LOCOROTONDO ITAS,40.757221,17.340834,2026-06-03,ws_mean_daily,3.6,m/s,2026-06-04T07:10:04.544866
0PU53,TORITTO,40.957222,16.567223,2026-06-03,precip_sum_daily,0.0,mm,2026-06-04T07:10:02.076326
0PU53,TORITTO,40.957222,16.567223,2026-06-03,rh_max_daily,96.0,%,2026-06-04T07:10:00.566820
0PU53,TORITTO,40.957222,16.567223,2026-06-03,rh_mean_daily,62.0,%,2026-06-04T07:09:59.547058
0PU53,TORITTO,40.957222,16.567223,2026-06-03,rh_min_daily,33.0,%,2026-06-04T07:09:58.272080
0PU53,TORITTO,40.957222,16.567223,2026-06-03,rs_sum_daily,20220.0,W/m²,2026-06-04T07:10:03.060233
0PU53,TORITTO,40.957222,16.567223,2026-06-03,tair_max_daily,29.1,°C,2026-06-04T07:09:57.318902
0PU53,TORITTO,40.957222,16.567223,2026-06-03,tair_mean_daily,21.9,°C,2026-06-04T07:09:56.363688
0PU53,TORITTO,40.957222,16.567223,2026-06-03,tair_min_daily,15.5,°C,2026-06-04T07:09:55.404203
0PU53,TORITTO,40.957222,16.567223,2026-06-03,ws_max_daily,11.7,m/s,2026-06-04T07:10:05.667077
0PU53,TORITTO,40.957222,16.567223,2026-06-03,ws_max_daily,10.3,m/s,2026-06-04T07:10:05.667080
0PU53,TORITTO,40.957222,16.567223,2026-06-03,ws_mean_daily,2.1,m/s,2026-06-04T07:10:04.544869
0PU53,TORITTO,40.957222,16.567223,2026-06-03,ws_mean_daily,4.3,m/s,2026-06-04T07:10:04.544871
0PU54,TORRE SANTA SUSANNA,40.459442,17.724722,2026-06-03,precip_sum_daily,0.0,mm,2026-06-04T07:10:02.076331
0PU54,TORRE SANTA SUSANNA,40.459442,17.724722,2026-06-03,rh_max_daily,92.0,%,2026-06-04T07:10:00.566829
0PU54,TORRE SANTA SUSANNA,40.459442,17.724722,2026-06-03,rh_mean_daily,72.0,%,2026-06-04T07:09:59.547063
0PU54,TORRE SANTA SUSANNA,40.459442,17.724722,2026-06-03,rh_min_daily,38.0,%,2026-06-04T07:09:58.272085
0PU54,TORRE SANTA SUSANNA,40.459442,17.724722,2026-06-03,rs_sum_daily,27470.0,W/m²,2026-06-04T07:10:03.060241
0PU54,TORRE SANTA SUSANNA,40.459442,17.724722,2026-06-03,tair_max_daily,29.2,°C,2026-06-04T07:09:57.318908
0PU54,TORRE SANTA SUSANNA,40.459442,17.724722,2026-06-03,tair_mean_daily,23.2,°C,2026-06-04T07:09:56.363691
0PU54,TORRE SANTA SUSANNA,40.459442,17.724722,2026-06-03,tair_min_daily,18.8,°C,2026-06-04T07:09:55.404206
0PU54,TORRE SANTA SUSANNA,40.459442,17.724722,2026-06-03,ws_max_daily,11.8,m/s,2026-06-04T07:10:05.667082
0PU54,TORRE SANTA SUSANNA,40.459442,17.724722,2026-06-03,ws_max_daily,8.5,m/s,2026-06-04T07:10:05.667085
0PU54,TORRE SANTA SUSANNA,40.459442,17.724722,2026-06-03,ws_mean_daily,2.4,m/s,2026-06-04T07:10:04.544874
0PU54,TORRE SANTA SUSANNA,40.459442,17.724722,2026-06-03,ws_mean_daily,3.8,m/s,2026-06-04T07:10:04.544877
0PU55,LESINA-RIPALTA,41.8475,15.266111,2026-06-03,precip_sum_daily,6.4,mm,2026-06-04T07:10:02.076340
0PU55,LESINA-RIPALTA,41.8475,15.266111,2026-06-03,rh_max_daily,93.0,%,2026-06-04T07:10:00.566836
0PU55,LESINA-RIPALTA,41.8475,15.266111,2026-06-03,rh_mean_daily,78.0,%,2026-06-04T07:09:59.547068
0PU55,LESINA-RIPALTA,41.8475,15.266111,2026-06-03,rh_min_daily,51.0,%,2026-06-04T07:09:58.272089
0PU55,LESINA-RIPALTA,41.8475,15.266111,2026-06-03,rs_sum_daily,11370.0,W/m²,2026-06-04T07:10:03.060249
0PU55,LESINA-RIPALTA,41.8475,15.266111,2026-06-03,tair_max_daily,28.2,°C,2026-06-04T07:09:57.318914
0PU55,LESINA-RIPALTA,41.8475,15.266111,2026-06-03,tair_mean_daily,21.2,°C,2026-06-04T07:09:56.363695
0PU55,LESINA-RIPALTA,41.8475,15.266111,2026-06-03,tair_min_daily,16.1,°C,2026-06-04T07:09:55.404209
0PU55,LESINA-RIPALTA,41.8475,15.266111,2026-06-03,ws_max_daily,11.5,m/s,2026-06-04T07:10:05.667088
0PU55,LESINA-RIPALTA,41.8475,15.266111,2026-06-03,ws_max_daily,13.4,m/s,2026-06-04T07:10:05.667091
0PU55,LESINA-RIPALTA,41.8475,15.266111,2026-06-03,ws_mean_daily,3.2,m/s,2026-06-04T07:10:04.544880
0PU55,LESINA-RIPALTA,41.8475,15.266111,2026-06-03,ws_mean_daily,5.0,m/s,2026-06-04T07:10:04.544883
0PU56,CARLANTINO,41.588333,14.983611,2026-06-03,precip_sum_daily,7.8,mm,2026-06-04T07:10:02.076349
0PU56,CARLANTINO,41.588333,14.983611,2026-06-03,rh_max_daily,100.0,%,2026-06-04T07:10:00.566842
0PU56,CARLANTINO,41.588333,14.983611,2026-06-03,rh_mean_daily,82.0,%,2026-06-04T07:09:59.547073
0PU56,CARLANTINO,41.588333,14.983611,2026-06-03,rh_min_daily,56.0,%,2026-06-04T07:09:58.272092
0PU56,CARLANTINO,41.588333,14.983611,2026-06-03,tair_max_daily,22.5,°C,2026-06-04T07:09:57.318919
0PU56,CARLANTINO,41.588333,14.983611,2026-06-03,tair_mean_daily,18.0,°C,2026-06-04T07:09:56.363698
0PU56,CARLANTINO,41.588333,14.983611,2026-06-03,tair_min_daily,13.3,°C,2026-06-04T07:09:55.404212
0PU56,CARLANTINO,41.588333,14.983611,2026-06-03,ws_max_daily,16.1,m/s,2026-06-04T07:10:05.667093
0PU56,CARLANTINO,41.588333,14.983611,2026-06-03,ws_max_daily,11.6,m/s,2026-06-04T07:10:05.667096
0PU56,CARLANTINO,41.588333,14.983611,2026-06-03,ws_mean_daily,4.3,m/s,2026-06-04T07:10:04.544888
0PU56,CARLANTINO,41.588333,14.983611,2026-06-03,ws_mean_daily,6.8,m/s,2026-06-04T07:10:04.544890
0PU57,SANT'AGATA DI PUGLIA,41.150276,15.46,2026-06-03,precip_sum_daily,4.6,mm,2026-06-04T07:10:02.076354
0PU57,SANT'AGATA DI PUGLIA,41.150276,15.46,2026-06-03,rh_max_daily,89.0,%,2026-06-04T07:10:00.566846
0PU57,SANT'AGATA DI PUGLIA,41.150276,15.46,2026-06-03,rh_mean_daily,69.0,%,2026-06-04T07:09:59.547079
0PU57,SANT'AGATA DI PUGLIA,41.150276,15.46,2026-06-03,rh_min_daily,44.0,%,2026-06-04T07:09:58.272099
0PU57,SANT'AGATA DI PUGLIA,41.150276,15.46,2026-06-03,rs_sum_daily,15290.0,W/m²,2026-06-04T07:10:03.060260
0PU57,SANT'AGATA DI PUGLIA,41.150276,15.46,2026-06-03,tair_max_daily,28.2,°C,2026-06-04T07:09:57.318926
0PU57,SANT'AGATA DI PUGLIA,41.150276,15.46,2026-06-03,tair_mean_daily,21.1,°C,2026-06-04T07:09:56.363702
0PU57,SANT'AGATA DI PUGLIA,41.150276,15.46,2026-06-03,tair_min_daily,14.9,°C,2026-06-04T07:09:55.404217
0PU57,SANT'AGATA DI PUGLIA,41.150276,15.46,2026-06-03,ws_max_daily,16.6,m/s,2026-06-04T07:10:05.667099
0PU57,SANT'AGATA DI PUGLIA,41.150276,15.46,2026-06-03,ws_max_daily,18.8,m/s,2026-06-04T07:10:05.667102
0PU57,SANT'AGATA DI PUGLIA,41.150276,15.46,2026-06-03,ws_mean_daily,3.5,m/s,2026-06-04T07:10:04.544895
0PU57,SANT'AGATA DI PUGLIA,41.150276,15.46,2026-06-03,ws_mean_daily,5.7,m/s,2026-06-04T07:10:04.544898
0PU58,GINOSA,40.556389,16.843611,2026-06-03,precip_sum_daily,0.4,mm,2026-06-04T07:10:02.076359
0PU58,GINOSA,40.556389,16.843611,2026-06-03,rh_max_daily,100.0,%,2026-06-04T07:10:00.566849
0PU58,GINOSA,40.556389,16.843611,2026-06-03,rh_mean_daily,75.0,%,2026-06-04T07:09:59.547088
0PU58,GINOSA,40.556389,16.843611,2026-06-03,rh_min_daily,45.0,%,2026-06-04T07:09:58.272102
0PU58,GINOSA,40.556389,16.843611,2026-06-03,rs_sum_daily,22428.0,W/m²,2026-06-04T07:10:03.060267
0PU58,GINOSA,40.556389,16.843611,2026-06-03,tair_max_daily,28.7,°C,2026-06-04T07:09:57.318932
0PU58,GINOSA,40.556389,16.843611,2026-06-03,tair_mean_daily,22.2,°C,2026-06-04T07:09:56.363705
0PU58,GINOSA,40.556389,16.843611,2026-06-03,tair_min_daily,15.9,°C,2026-06-04T07:09:55.404220
0PU58,GINOSA,40.556389,16.843611,2026-06-03,ws_max_daily,7.3,m/s,2026-06-04T07:10:05.667105
0PU58,GINOSA,40.556389,16.843611,2026-06-03,ws_max_daily,8.3,m/s,2026-06-04T07:10:05.667107
0PU58,GINOSA,40.556389,16.843611,2026-06-03,ws_mean_daily,1.4,m/s,2026-06-04T07:10:04.544900
0PU58,GINOSA,40.556389,16.843611,2026-06-03,ws_mean_daily,2.5,m/s,2026-06-04T07:10:04.544903
0PU59,PALAGIANELLO,40.578335,16.975279,2026-06-03,precip_sum_daily,6.4,mm,2026-06-04T07:10:02.076365
0PU59,PALAGIANELLO,40.578335,16.975279,2026-06-03,rh_max_daily,94.0,%,2026-06-04T07:10:00.566852
0PU59,PALAGIANELLO,40.578335,16.975279,2026-06-03,rh_mean_daily,78.0,%,2026-06-04T07:09:59.547094
0PU59,PALAGIANELLO,40.578335,16.975279,2026-06-03,rh_min_daily,51.0,%,2026-06-04T07:09:58.272106
0PU59,PALAGIANELLO,40.578335,16.975279,2026-06-03,rs_sum_daily,22979.0,W/m²,2026-06-04T07:10:03.060274
0PU59,PALAGIANELLO,40.578335,16.975279,2026-06-03,tair_max_daily,28.1,°C,2026-06-04T07:09:57.318938
0PU59,PALAGIANELLO,40.578335,16.975279,2026-06-03,tair_mean_daily,22.0,°C,2026-06-04T07:09:56.363709
0PU59,PALAGIANELLO,40.578335,16.975279,2026-06-03,tair_min_daily,15.4,°C,2026-06-04T07:09:55.404223
0PU59,PALAGIANELLO,40.578335,16.975279,2026-06-03,ws_max_daily,7.9,m/s,2026-06-04T07:10:05.667110
0PU59,PALAGIANELLO,40.578335,16.975279,2026-06-03,ws_max_daily,6.4,m/s,2026-06-04T07:10:05.667115
0PU59,PALAGIANELLO,40.578335,16.975279,2026-06-03,ws_mean_daily,1.5,m/s,2026-06-04T07:10:04.544906
0PU59,PALAGIANELLO,40.578335,16.975279,2026-06-03,ws_mean_daily,2.6,m/s,2026-06-04T07:10:04.544909
0PU60,MINERVINO DI LECCE,40.093613,18.418612,2026-06-03,precip_sum_daily,0.0,mm,2026-06-04T07:10:02.076371
0PU60,MINERVINO DI LECCE,40.093613,18.418612,2026-06-03,rh_max_daily,94.0,%,2026-06-04T07:10:00.566855
0PU60,MINERVINO DI LECCE,40.093613,18.418612,2026-06-03,rh_mean_daily,87.0,%,2026-06-04T07:09:59.547099
0PU60,MINERVINO DI LECCE,40.093613,18.418612,2026-06-03,rh_min_daily,75.0,%,2026-06-04T07:09:58.272109
0PU60,MINERVINO DI LECCE,40.093613,18.418612,2026-06-03,rs_sum_daily,21615.0,W/m²,2026-06-04T07:10:03.060280
0PU60,MINERVINO DI LECCE,40.093613,18.418612,2026-06-03,tair_max_daily,24.9,°C,2026-06-04T07:09:57.318943
0PU60,MINERVINO DI LECCE,40.093613,18.418612,2026-06-03,tair_mean_daily,22.1,°C,2026-06-04T07:09:56.363712
0PU60,MINERVINO DI LECCE,40.093613,18.418612,2026-06-03,tair_min_daily,19.9,°C,2026-06-04T07:09:55.404226
0PU60,MINERVINO DI LECCE,40.093613,18.418612,2026-06-03,ws_max_daily,10.7,m/s,2026-06-04T07:10:05.667118
0PU60,MINERVINO DI LECCE,40.093613,18.418612,2026-06-03,ws_max_daily,11.8,m/s,2026-06-04T07:10:05.667121
0PU60,MINERVINO DI LECCE,40.093613,18.418612,2026-06-03,ws_mean_daily,3.6,m/s,2026-06-04T07:10:04.544911
0PU60,MINERVINO DI LECCE,40.093613,18.418612,2026-06-03,ws_mean_daily,4.8,m/s,2026-06-04T07:10:04.544914
0PU61,NARDO',40.171391,17.976389,2026-06-03,precip_sum_daily,0.0,mm,2026-06-04T07:10:02.076378
0PU61,NARDO',40.171391,17.976389,2026-06-03,rh_max_daily,92.0,%,2026-06-04T07:10:00.566857
0PU61,NARDO',40.171391,17.976389,2026-06-03,rh_mean_daily,73.0,%,2026-06-04T07:09:59.547102
0PU61,NARDO',40.171391,17.976389,2026-06-03,rh_min_daily,42.0,%,2026-06-04T07:09:58.272113
0PU61,NARDO',40.171391,17.976389,2026-06-03,rs_sum_daily,27443.0,W/m²,2026-06-04T07:10:03.060287
0PU61,NARDO',40.171391,17.976389,2026-06-03,tair_max_daily,28.7,°C,2026-06-04T07:09:57.318948
0PU61,NARDO',40.171391,17.976389,2026-06-03,tair_mean_daily,23.8,°C,2026-06-04T07:09:56.363716
0PU61,NARDO',40.171391,17.976389,2026-06-03,tair_min_daily,19.6,°C,2026-06-04T07:09:55.404229
0PU61,NARDO',40.171391,17.976389,2026-06-03,ws_max_daily,5.3,m/s,2026-06-04T07:10:05.667124
0PU61,NARDO',40.171391,17.976389,2026-06-03,ws_max_daily,12.5,m/s,2026-06-04T07:10:05.667127
0PU61,NARDO',40.171391,17.976389,2026-06-03,ws_mean_daily,0.0,m/s,2026-06-04T07:10:04.544917
0PU61,NARDO',40.171391,17.976389,2026-06-03,ws_mean_daily,5.1,m/s,2026-06-04T07:10:04.544920
MBA20,IPSAA,41.22139,16.049723,2026-06-03,precip_sum_daily,0.0,mm,2026-06-04T07:10:02.076384
MBA20,IPSAA,41.22139,16.049723,2026-06-03,rh_max_daily,92.0,%,2026-06-04T07:10:00.566860
MBA20,IPSAA,41.22139,16.049723,2026-06-03,rh_mean_daily,62.0,%,2026-06-04T07:09:59.547105
MBA20,IPSAA,41.22139,16.049723,2026-06-03,rh_min_daily,37.0,%,2026-06-04T07:09:58.272116
MBA20,IPSAA,41.22139,16.049723,2026-06-03,tair_max_daily,30.5,°C,2026-06-04T07:09:57.318953
MBA20,IPSAA,41.22139,16.049723,2026-06-03,tair_mean_daily,23.4,°C,2026-06-04T07:09:56.363719
MBA20,IPSAA,41.22139,16.049723,2026-06-03,tair_min_daily,15.4,°C,2026-06-04T07:09:55.404233
MBA20,IPSAA,41.22139,16.049723,2026-06-03,ws_max_daily,11.3,m/s,2026-06-04T07:10:05.667130
MBA20,IPSAA,41.22139,16.049723,2026-06-03,ws_mean_daily,2.3,m/s,2026-06-04T07:10:04.544925
MBA21,MONTEGROSSO,41.132778,16.185833,2026-06-03,precip_sum_daily,0.2,mm,2026-06-04T07:10:02.076391
MBA21,MONTEGROSSO,41.132778,16.185833,2026-06-03,rh_max_daily,88.0,%,2026-06-04T07:10:00.566863
MBA21,MONTEGROSSO,41.132778,16.185833,2026-06-03,rh_mean_daily,57.0,%,2026-06-04T07:09:59.547110
MBA21,MONTEGROSSO,41.132778,16.185833,2026-06-03,rh_min_daily,35.0,%,2026-06-04T07:09:58.272120
MBA21,MONTEGROSSO,41.132778,16.185833,2026-06-03,tair_max_daily,28.5,°C,2026-06-04T07:09:57.318961
MBA21,MONTEGROSSO,41.132778,16.185833,2026-06-03,tair_mean_daily,22.5,°C,2026-06-04T07:09:56.363726
MBA21,MONTEGROSSO,41.132778,16.185833,2026-06-03,tair_min_daily,15.7,°C,2026-06-04T07:09:55.404236
MBA21,MONTEGROSSO,41.132778,16.185833,2026-06-03,ws_max_daily,10.9,m/s,2026-06-04T07:10:05.667133
MBA21,MONTEGROSSO,41.132778,16.185833,2026-06-03,ws_mean_daily,2.8,m/s,2026-06-04T07:10:04.544929
MBA22,S.P. SANTERAMO,40.80611,16.591389,2026-06-03,precip_sum_daily,0.0,mm,2026-06-04T07:10:02.076400
MBA22,S.P. SANTERAMO,40.80611,16.591389,2026-06-03,rh_max_daily,100.0,%,2026-06-04T07:10:00.566868
MBA22,S.P. SANTERAMO,40.80611,16.591389,2026-06-03,rh_mean_daily,71.0,%,2026-06-04T07:09:59.547115
MBA22,S.P. SANTERAMO,40.80611,16.591389,2026-06-03,rh_min_daily,38.0,%,2026-06-04T07:09:58.272125
MBA22,S.P. SANTERAMO,40.80611,16.591389,2026-06-03,tair_max_daily,30.2,°C,2026-06-04T07:09:57.318966
MBA22,S.P. SANTERAMO,40.80611,16.591389,2026-06-03,tair_mean_daily,20.3,°C,2026-06-04T07:09:56.363731
MBA22,S.P. SANTERAMO,40.80611,16.591389,2026-06-03,tair_min_daily,9.5,°C,2026-06-04T07:09:55.404239
MBA22,S.P. SANTERAMO,40.80611,16.591389,2026-06-03,ws_max_daily,9.3,m/s,2026-06-04T07:10:05.667136
MBA22,S.P. SANTERAMO,40.80611,16.591389,2026-06-03,ws_mean_daily,2.1,m/s,2026-06-04T07:10:04.544932
MBA24,CASSANO DELLE MURGE,40.918888,16.78861,2026-06-03,precip_sum_daily,0.0,mm,2026-06-04T07:10:02.076407
MBA24,CASSANO DELLE MURGE,40.918888,16.78861,2026-06-03,rh_max_daily,100.0,%,2026-06-04T07:10:00.566871
MBA24,CASSANO DELLE MURGE,40.918888,16.78861,2026-06-03,rh_mean_daily,68.0,%,2026-06-04T07:09:59.547118
MBA24,CASSANO DELLE MURGE,40.918888,16.78861,2026-06-03,rh_min_daily,45.0,%,2026-06-04T07:09:58.272129
MBA24,CASSANO DELLE MURGE,40.918888,16.78861,2026-06-03,tair_max_daily,28.8,°C,2026-06-04T07:09:57.318971
MBA24,CASSANO DELLE MURGE,40.918888,16.78861,2026-06-03,tair_mean_daily,22.1,°C,2026-06-04T07:09:56.363734
MBA24,CASSANO DELLE MURGE,40.918888,16.78861,2026-06-03,tair_min_daily,15.5,°C,2026-06-04T07:09:55.404242
MBA24,CASSANO DELLE MURGE,40.918888,16.78861,2026-06-03,ws_max_daily,10.3,m/s,2026-06-04T07:10:05.667138
MBA24,CASSANO DELLE MURGE,40.918888,16.78861,2026-06-03,ws_mean_daily,2.4,m/s,2026-06-04T07:10:04.544935
MBA25,SANTERAMO IN COLLE,40.78611,16.775833,2026-06-03,precip_sum_daily,1.0,mm,2026-06-04T07:10:02.076413
MBA25,SANTERAMO IN COLLE,40.78611,16.775833,2026-06-03,rh_max_daily,92.0,%,2026-06-04T07:10:00.566875
MBA25,SANTERAMO IN COLLE,40.78611,16.775833,2026-06-03,rh_mean_daily,67.0,%,2026-06-04T07:09:59.547120
MBA25,SANTERAMO IN COLLE,40.78611,16.775833,2026-06-03,rh_min_daily,39.0,%,2026-06-04T07:09:58.272135
MBA25,SANTERAMO IN COLLE,40.78611,16.775833,2026-06-03,tair_max_daily,27.9,°C,2026-06-04T07:09:57.318979
MBA25,SANTERAMO IN COLLE,40.78611,16.775833,2026-06-03,tair_mean_daily,20.7,°C,2026-06-04T07:09:56.363739
MBA25,SANTERAMO IN COLLE,40.78611,16.775833,2026-06-03,tair_min_daily,14.2,°C,2026-06-04T07:09:55.404246
MBA25,SANTERAMO IN COLLE,40.78611,16.775833,2026-06-03,ws_max_daily,8.1,m/s,2026-06-04T07:10:05.667143
MBA25,SANTERAMO IN COLLE,40.78611,16.775833,2026-06-03,ws_mean_daily,1.6,m/s,2026-06-04T07:10:04.544937
MBA26,CAMPO SPER. UNIBA,41.023609,16.906389,2026-06-03,precip_sum_daily,0.0,mm,2026-06-04T07:10:02.076453
MBA26,CAMPO SPER. UNIBA,41.023609,16.906389,2026-06-03,rh_max_daily,100.0,%,2026-06-04T07:10:00.566878
MBA26,CAMPO SPER. UNIBA,41.023609,16.906389,2026-06-03,rh_mean_daily,69.0,%,2026-06-04T07:09:59.547125
MBA26,CAMPO SPER. UNIBA,41.023609,16.906389,2026-06-03,rh_min_daily,42.0,%,2026-06-04T07:09:58.272139
MBA26,CAMPO SPER. UNIBA,41.023609,16.906389,2026-06-03,tair_max_daily,31.0,°C,2026-06-04T07:09:57.318984
MBA26,CAMPO SPER. UNIBA,41.023609,16.906389,2026-06-03,tair_mean_daily,23.5,°C,2026-06-04T07:09:56.363742
MBA26,CAMPO SPER. UNIBA,41.023609,16.906389,2026-06-03,tair_min_daily,17.1,°C,2026-06-04T07:09:55.404249
MBA26,CAMPO SPER. UNIBA,41.023609,16.906389,2026-06-03,ws_max_daily,7.7,m/s,2026-06-04T07:10:05.667146
MBA26,CAMPO SPER. UNIBA,41.023609,16.906389,2026-06-03,ws_mean_daily,1.3,m/s,2026-06-04T07:10:04.544940
MBA27,SERRONE(AZ.AGR.MANCINI),40.921391,16.947222,2026-06-03,precip_sum_daily,5.4,mm,2026-06-04T07:10:02.076460
MBA27,SERRONE(AZ.AGR.MANCINI),40.921391,16.947222,2026-06-03,rh_max_daily,100.0,%,2026-06-04T07:10:00.566881
MBA27,SERRONE(AZ.AGR.MANCINI),40.921391,16.947222,2026-06-03,rh_mean_daily,75.0,%,2026-06-04T07:09:59.547128
MBA27,SERRONE(AZ.AGR.MANCINI),40.921391,16.947222,2026-06-03,rh_min_daily,43.0,%,2026-06-04T07:09:58.272142
MBA27,SERRONE(AZ.AGR.MANCINI),40.921391,16.947222,2026-06-03,tair_max_daily,29.3,°C,2026-06-04T07:09:57.318989
MBA27,SERRONE(AZ.AGR.MANCINI),40.921391,16.947222,2026-06-03,tair_mean_daily,21.8,°C,2026-06-04T07:09:56.363747
MBA27,SERRONE(AZ.AGR.MANCINI),40.921391,16.947222,2026-06-03,tair_min_daily,16.3,°C,2026-06-04T07:09:55.404252
MBA27,SERRONE(AZ.AGR.MANCINI),40.921391,16.947222,2026-06-03,ws_max_daily,10.4,m/s,2026-06-04T07:10:05.667149
MBA27,SERRONE(AZ.AGR.MANCINI),40.921391,16.947222,2026-06-03,ws_mean_daily,2.3,m/s,2026-06-04T07:10:04.544943
MBA28,MURGIA ANTICI,40.715557,17.106667,2026-06-03,precip_sum_daily,1.8,mm,2026-06-04T07:10:02.076465
MBA28,MURGIA ANTICI,40.715557,17.106667,2026-06-03,rh_max_daily,92.0,%,2026-06-04T07:10:00.566886
MBA28,MURGIA ANTICI,40.715557,17.106667,2026-06-03,rh_mean_daily,74.0,%,2026-06-04T07:09:59.547131
MBA28,MURGIA ANTICI,40.715557,17.106667,2026-06-03,rh_min_daily,47.0,%,2026-06-04T07:09:58.272146
MBA28,MURGIA ANTICI,40.715557,17.106667,2026-06-03,tair_max_daily,28.6,°C,2026-06-04T07:09:57.318994
MBA28,MURGIA ANTICI,40.715557,17.106667,2026-06-03,tair_mean_daily,20.7,°C,2026-06-04T07:09:56.363751
MBA28,MURGIA ANTICI,40.715557,17.106667,2026-06-03,tair_min_daily,15.7,°C,2026-06-04T07:09:55.404255
MBA28,MURGIA ANTICI,40.715557,17.106667,2026-06-03,ws_max_daily,10.0,m/s,2026-06-04T07:10:05.667152
MBA28,MURGIA ANTICI,40.715557,17.106667,2026-06-03,ws_mean_daily,2.4,m/s,2026-06-04T07:10:04.544945
MBA29,LAMENDOLA I,40.812222,17.164167,2026-06-03,precip_sum_daily,0.2,mm,2026-06-04T07:10:02.076471
MBA29,LAMENDOLA I,40.812222,17.164167,2026-06-03,rh_max_daily,92.0,%,2026-06-04T07:10:00.566889
MBA29,LAMENDOLA I,40.812222,17.164167,2026-06-03,rh_mean_daily,71.0,%,2026-06-04T07:09:59.547134
MBA29,LAMENDOLA I,40.812222,17.164167,2026-06-03,rh_min_daily,45.0,%,2026-06-04T07:09:58.272149
MBA29,LAMENDOLA I,40.812222,17.164167,2026-06-03,tair_max_daily,28.3,°C,2026-06-04T07:09:57.318999
MBA29,LAMENDOLA I,40.812222,17.164167,2026-06-03,tair_mean_daily,21.2,°C,2026-06-04T07:09:56.363754
MBA29,LAMENDOLA I,40.812222,17.164167,2026-06-03,tair_min_daily,15.6,°C,2026-06-04T07:09:55.404258
MBA29,LAMENDOLA I,40.812222,17.164167,2026-06-03,ws_max_daily,9.2,m/s,2026-06-04T07:10:05.667156
MBA29,LAMENDOLA I,40.812222,17.164167,2026-06-03,ws_mean_daily,2.8,m/s,2026-06-04T07:10:04.544948
MBR30,FASCIANELLO,40.860279,17.364166,2026-06-03,precip_sum_daily,1.2,mm,2026-06-04T07:10:02.076476
MBR30,FASCIANELLO,40.860279,17.364166,2026-06-03,rh_max_daily,86.0,%,2026-06-04T07:10:00.566892
MBR30,FASCIANELLO,40.860279,17.364166,2026-06-03,rh_mean_daily,55.0,%,2026-06-04T07:09:59.547137
MBR30,FASCIANELLO,40.860279,17.364166,2026-06-03,rh_min_daily,36.0,%,2026-06-04T07:09:58.272155
MBR30,FASCIANELLO,40.860279,17.364166,2026-06-03,tair_max_daily,32.1,°C,2026-06-04T07:09:57.319006
MBR30,FASCIANELLO,40.860279,17.364166,2026-06-03,tair_mean_daily,25.0,°C,2026-06-04T07:09:56.363758
MBR30,FASCIANELLO,40.860279,17.364166,2026-06-03,tair_min_daily,19.1,°C,2026-06-04T07:09:55.404261
MBR30,FASCIANELLO,40.860279,17.364166,2026-06-03,ws_max_daily,10.4,m/s,2026-06-04T07:10:05.667159
MBR30,FASCIANELLO,40.860279,17.364166,2026-06-03,ws_mean_daily,3.0,m/s,2026-06-04T07:10:04.544951
MBR31,FERRUZZO,40.62389,17.497499,2026-06-03,precip_sum_daily,0.6,mm,2026-06-04T07:10:02.076482
MBR31,FERRUZZO,40.62389,17.497499,2026-06-03,rh_max_daily,93.0,%,2026-06-04T07:10:00.566894
MBR31,FERRUZZO,40.62389,17.497499,2026-06-03,rh_mean_daily,71.0,%,2026-06-04T07:09:59.547139
MBR31,FERRUZZO,40.62389,17.497499,2026-06-03,rh_min_daily,41.0,%,2026-06-04T07:09:58.272158
MBR31,FERRUZZO,40.62389,17.497499,2026-06-03,tair_max_daily,29.8,°C,2026-06-04T07:09:57.319012
MBR31,FERRUZZO,40.62389,17.497499,2026-06-03,tair_mean_daily,22.0,°C,2026-06-04T07:09:56.363760
MBR31,FERRUZZO,40.62389,17.497499,2026-06-03,tair_min_daily,17.0,°C,2026-06-04T07:09:55.404264
MBR31,FERRUZZO,40.62389,17.497499,2026-06-03,ws_max_daily,9.5,m/s,2026-06-04T07:10:05.667162
MBR31,FERRUZZO,40.62389,17.497499,2026-06-03,ws_mean_daily,3.2,m/s,2026-06-04T07:10:04.544956
MFG01,S. LUCIA,41.470554,15.363889,2026-06-03,precip_sum_daily,1.0,mm,2026-06-04T07:10:02.076487
MFG01,S. LUCIA,41.470554,15.363889,2026-06-03,rh_max_daily,88.0,%,2026-06-04T07:10:00.566897
MFG01,S. LUCIA,41.470554,15.363889,2026-06-03,rh_mean_daily,69.0,%,2026-06-04T07:09:59.547142
MFG01,S. LUCIA,41.470554,15.363889,2026-06-03,rh_min_daily,45.0,%,2026-06-04T07:09:58.272162
MFG01,S. LUCIA,41.470554,15.363889,2026-06-03,tair_max_daily,28.3,°C,2026-06-04T07:09:57.319017
MFG01,S. LUCIA,41.470554,15.363889,2026-06-03,tair_mean_daily,21.3,°C,2026-06-04T07:09:56.363763
MFG01,S. LUCIA,41.470554,15.363889,2026-06-03,tair_min_daily,14.8,°C,2026-06-04T07:09:55.404267
MFG01,S. LUCIA,41.470554,15.363889,2026-06-03,ws_max_daily,9.1,m/s,2026-06-04T07:10:05.667167
MFG01,S. LUCIA,41.470554,15.363889,2026-06-03,ws_mean_daily,1.2,m/s,2026-06-04T07:10:04.544958
MFG02,SERRA DEI BISI,41.347778,15.282778,2026-06-03,precip_sum_daily,0.0,mm,2026-06-04T07:10:02.076492
MFG02,SERRA DEI BISI,41.347778,15.282778,2026-06-03,rh_max_daily,83.0,%,2026-06-04T07:10:00.566900
MFG02,SERRA DEI BISI,41.347778,15.282778,2026-06-03,rh_mean_daily,69.0,%,2026-06-04T07:09:59.547145
MFG02,SERRA DEI BISI,41.347778,15.282778,2026-06-03,rh_min_daily,52.0,%,2026-06-04T07:09:58.272165
MFG02,SERRA DEI BISI,41.347778,15.282778,2026-06-03,tair_max_daily,24.0,°C,2026-06-04T07:09:57.319022
MFG02,SERRA DEI BISI,41.347778,15.282778,2026-06-03,tair_mean_daily,19.9,°C,2026-06-04T07:09:56.363766
MFG02,SERRA DEI BISI,41.347778,15.282778,2026-06-03,tair_min_daily,14.9,°C,2026-06-04T07:09:55.404269
MFG02,SERRA DEI BISI,41.347778,15.282778,2026-06-03,ws_max_daily,18.6,m/s,2026-06-04T07:10:05.667170
MFG02,SERRA DEI BISI,41.347778,15.282778,2026-06-03,ws_mean_daily,6.3,m/s,2026-06-04T07:10:04.544961
MFG03,LA PESCIA,41.40889,15.756667,2026-06-03,precip_sum_daily,0.4,mm,2026-06-04T07:10:02.076500
MFG03,LA PESCIA,41.40889,15.756667,2026-06-03,rh_max_daily,87.0,%,2026-06-04T07:10:00.566903
MFG03,LA PESCIA,41.40889,15.756667,2026-06-03,rh_mean_daily,66.0,%,2026-06-04T07:09:59.547147
MFG03,LA PESCIA,41.40889,15.756667,2026-06-03,rh_min_daily,38.0,%,2026-06-04T07:09:58.272169
MFG03,LA PESCIA,41.40889,15.756667,2026-06-03,tair_max_daily,30.4,°C,2026-06-04T07:09:57.319028
MFG03,LA PESCIA,41.40889,15.756667,2026-06-03,tair_mean_daily,22.9,°C,2026-06-04T07:09:56.363769
MFG03,LA PESCIA,41.40889,15.756667,2026-06-03,tair_min_daily,16.1,°C,2026-06-04T07:09:55.404274
MFG03,LA PESCIA,41.40889,15.756667,2026-06-03,ws_max_daily,10.6,m/s,2026-06-04T07:10:05.667173
MFG03,LA PESCIA,41.40889,15.756667,2026-06-03,ws_mean_daily,2.5,m/s,2026-06-04T07:10:04.544964
MFG04,TRE SANTI,41.393612,15.848056,2026-06-03,precip_sum_daily,0.4,mm,2026-06-04T07:10:02.076505
MFG04,TRE SANTI,41.393612,15.848056,2026-06-03,rh_max_daily,85.0,%,2026-06-04T07:10:00.566906
MFG04,TRE SANTI,41.393612,15.848056,2026-06-03,rh_mean_daily,62.0,%,2026-06-04T07:09:59.547150
MFG04,TRE SANTI,41.393612,15.848056,2026-06-03,rh_min_daily,37.0,%,2026-06-04T07:09:58.272172
MFG04,TRE SANTI,41.393612,15.848056,2026-06-03,tair_max_daily,30.8,°C,2026-06-04T07:09:57.319037
MFG04,TRE SANTI,41.393612,15.848056,2026-06-03,tair_mean_daily,23.4,°C,2026-06-04T07:09:56.363773
MFG04,TRE SANTI,41.393612,15.848056,2026-06-03,tair_min_daily,16.7,°C,2026-06-04T07:09:55.404277
MFG04,TRE SANTI,41.393612,15.848056,2026-06-03,ws_max_daily,9.6,m/s,2026-06-04T07:10:05.667176
MFG04,TRE SANTI,41.393612,15.848056,2026-06-03,ws_mean_daily,2.0,m/s,2026-06-04T07:10:04.544967
MFG05,RIVOLI,41.470833,15.929444,2026-06-03,precip_sum_daily,0.4,mm,2026-06-04T07:10:02.076513
MFG05,RIVOLI,41.470833,15.929444,2026-06-03,rh_max_daily,82.0,%,2026-06-04T07:10:00.566911
MFG05,RIVOLI,41.470833,15.929444,2026-06-03,rh_mean_daily,69.0,%,2026-06-04T07:09:59.547155
MFG05,RIVOLI,41.470833,15.929444,2026-06-03,rh_min_daily,33.0,%,2026-06-04T07:09:58.272178
MFG05,RIVOLI,41.470833,15.929444,2026-06-03,ws_max_daily,9.7,m/s,2026-06-04T07:10:05.667179
MFG05,RIVOLI,41.470833,15.929444,2026-06-03,ws_mean_daily,2.4,m/s,2026-06-04T07:10:04.544971
MFG06,TAVOLETTA,41.194168,15.932222,2026-06-03,precip_sum_daily,0.0,mm,2026-06-04T07:10:02.076518
MFG06,TAVOLETTA,41.194168,15.932222,2026-06-03,rh_max_daily,90.0,%,2026-06-04T07:10:00.566914
MFG06,TAVOLETTA,41.194168,15.932222,2026-06-03,rh_mean_daily,64.0,%,2026-06-04T07:09:59.547158
MFG06,TAVOLETTA,41.194168,15.932222,2026-06-03,rh_min_daily,38.0,%,2026-06-04T07:09:58.272184
MFG06,TAVOLETTA,41.194168,15.932222,2026-06-03,tair_max_daily,31.3,°C,2026-06-04T07:09:57.319043
MFG06,TAVOLETTA,41.194168,15.932222,2026-06-03,tair_mean_daily,22.9,°C,2026-06-04T07:09:56.363776
MFG06,TAVOLETTA,41.194168,15.932222,2026-06-03,tair_min_daily,14.3,°C,2026-06-04T07:09:55.404280
MFG06,TAVOLETTA,41.194168,15.932222,2026-06-03,ws_max_daily,12.6,m/s,2026-06-04T07:10:05.667181
MFG06,TAVOLETTA,41.194168,15.932222,2026-06-03,ws_mean_daily,3.1,m/s,2026-06-04T07:10:04.544975
MFG07,COPPA D'ORO,41.421665,15.606944,2026-06-03,precip_sum_daily,1.2,mm,2026-06-04T07:10:02.076524
MFG07,COPPA D'ORO,41.421665,15.606944,2026-06-03,rh_max_daily,88.0,%,2026-06-04T07:10:00.566917
MFG07,COPPA D'ORO,41.421665,15.606944,2026-06-03,rh_mean_daily,70.0,%,2026-06-04T07:09:59.547161
MFG07,COPPA D'ORO,41.421665,15.606944,2026-06-03,rh_min_daily,42.0,%,2026-06-04T07:09:58.272188
MFG07,COPPA D'ORO,41.421665,15.606944,2026-06-03,tair_max_daily,29.6,°C,2026-06-04T07:09:57.319046
MFG07,COPPA D'ORO,41.421665,15.606944,2026-06-03,tair_mean_daily,22.2,°C,2026-06-04T07:09:56.363779
MFG07,COPPA D'ORO,41.421665,15.606944,2026-06-03,tair_min_daily,14.8,°C,2026-06-04T07:09:55.404283
MFG07,COPPA D'ORO,41.421665,15.606944,2026-06-03,ws_max_daily,11.2,m/s,2026-06-04T07:10:05.667184
MFG07,COPPA D'ORO,41.421665,15.606944,2026-06-03,ws_mean_daily,3.1,m/s,2026-06-04T07:10:04.544978
MFG09,ARIOLA,41.8325,15.859722,2026-06-03,precip_sum_daily,7.6,mm,2026-06-04T07:10:02.076529
MFG09,ARIOLA,41.8325,15.859722,2026-06-03,rh_max_daily,100.0,%,2026-06-04T07:10:00.566920
MFG09,ARIOLA,41.8325,15.859722,2026-06-03,rh_mean_daily,59.0,%,2026-06-04T07:09:59.547164
MFG09,ARIOLA,41.8325,15.859722,2026-06-03,rh_min_daily,34.0,%,2026-06-04T07:09:58.272191
MFG09,ARIOLA,41.8325,15.859722,2026-06-03,tair_max_daily,28.4,°C,2026-06-04T07:09:57.319049
MFG09,ARIOLA,41.8325,15.859722,2026-06-03,tair_mean_daily,22.3,°C,2026-06-04T07:09:56.363782
MFG09,ARIOLA,41.8325,15.859722,2026-06-03,tair_min_daily,14.9,°C,2026-06-04T07:09:55.404286
MFG09,ARIOLA,41.8325,15.859722,2026-06-03,ws_max_daily,9.1,m/s,2026-06-04T07:10:05.667187
MFG09,ARIOLA,41.8325,15.859722,2026-06-03,ws_mean_daily,0.8,m/s,2026-06-04T07:10:04.544981
MFG10,MATINE CARNE SALATA,41.651943,15.706389,2026-06-03,precip_sum_daily,7.2,mm,2026-06-04T07:10:02.076534
MFG10,MATINE CARNE SALATA,41.651943,15.706389,2026-06-03,rh_max_daily,100.0,%,2026-06-04T07:10:00.566923
MFG10,MATINE CARNE SALATA,41.651943,15.706389,2026-06-03,rh_mean_daily,74.0,%,2026-06-04T07:09:59.547166
MFG10,MATINE CARNE SALATA,41.651943,15.706389,2026-06-03,rh_min_daily,46.0,%,2026-06-04T07:09:58.272195
MFG10,MATINE CARNE SALATA,41.651943,15.706389,2026-06-03,tair_max_daily,27.7,°C,2026-06-04T07:09:57.319052
MFG10,MATINE CARNE SALATA,41.651943,15.706389,2026-06-03,tair_mean_daily,21.0,°C,2026-06-04T07:09:56.363785
MFG10,MATINE CARNE SALATA,41.651943,15.706389,2026-06-03,tair_min_daily,14.9,°C,2026-06-04T07:09:55.404289
MFG10,MATINE CARNE SALATA,41.651943,15.706389,2026-06-03,ws_max_daily,8.3,m/s,2026-06-04T07:10:05.667190
MFG10,MATINE CARNE SALATA,41.651943,15.706389,2026-06-03,ws_mean_daily,1.1,m/s,2026-06-04T07:10:04.544985
MFG11,SELVA DELLE GROTTE,41.714722,15.148056,2026-06-03,precip_sum_daily,9.4,mm,2026-06-04T07:10:02.076540
MFG11,SELVA DELLE GROTTE,41.714722,15.148056,2026-06-03,rh_max_daily,90.0,%,2026-06-04T07:10:00.566925
MFG11,SELVA DELLE GROTTE,41.714722,15.148056,2026-06-03,rh_mean_daily,78.0,%,2026-06-04T07:09:59.547169
MFG11,SELVA DELLE GROTTE,41.714722,15.148056,2026-06-03,rh_min_daily,56.0,%,2026-06-04T07:09:58.272200
MFG11,SELVA DELLE GROTTE,41.714722,15.148056,2026-06-03,tair_max_daily,27.9,°C,2026-06-04T07:09:57.319055
MFG11,SELVA DELLE GROTTE,41.714722,15.148056,2026-06-03,tair_mean_daily,20.9,°C,2026-06-04T07:09:56.363787
MFG11,SELVA DELLE GROTTE,41.714722,15.148056,2026-06-03,tair_min_daily,13.5,°C,2026-06-04T07:09:55.404291
MFG11,SELVA DELLE GROTTE,41.714722,15.148056,2026-06-03,ws_max_daily,15.7,m/s,2026-06-04T07:10:05.667192
MFG11,SELVA DELLE GROTTE,41.714722,15.148056,2026-06-03,ws_mean_daily,2.4,m/s,2026-06-04T07:10:04.544989
MFG13,BISCIGLIETO,41.142502,15.662778,2026-06-03,precip_sum_daily,0.6,mm,2026-06-04T07:10:02.076546
MFG13,BISCIGLIETO,41.142502,15.662778,2026-06-03,rh_max_daily,100.0,%,2026-06-04T07:10:00.566928
MFG13,BISCIGLIETO,41.142502,15.662778,2026-06-03,rh_mean_daily,75.0,%,2026-06-04T07:09:59.547172
MFG13,BISCIGLIETO,41.142502,15.662778,2026-06-03,rh_min_daily,51.0,%,2026-06-04T07:09:58.272204
MFG13,BISCIGLIETO,41.142502,15.662778,2026-06-03,tair_max_daily,27.5,°C,2026-06-04T07:09:57.319064
MFG13,BISCIGLIETO,41.142502,15.662778,2026-06-03,tair_mean_daily,21.2,°C,2026-06-04T07:09:56.363790
MFG13,BISCIGLIETO,41.142502,15.662778,2026-06-03,tair_min_daily,14.6,°C,2026-06-04T07:09:55.404304
MFG13,BISCIGLIETO,41.142502,15.662778,2026-06-03,ws_max_daily,13.2,m/s,2026-06-04T07:10:05.667198
MFG13,BISCIGLIETO,41.142502,15.662778,2026-06-03,ws_mean_daily,4.7,m/s,2026-06-04T07:10:04.544992
MFG14,S. LUCIA,41.922779,15.874722,2026-06-03,precip_sum_daily,2.2,mm,2026-06-04T07:10:02.076552
MFG14,S. LUCIA,41.922779,15.874722,2026-06-03,rh_max_daily,100.0,%,2026-06-04T07:10:00.566931
MFG14,S. LUCIA,41.922779,15.874722,2026-06-03,rh_mean_daily,72.0,%,2026-06-04T07:09:59.547177
MFG14,S. LUCIA,41.922779,15.874722,2026-06-03,rh_min_daily,48.0,%,2026-06-04T07:09:58.272208
MFG14,S. LUCIA,41.922779,15.874722,2026-06-03,tair_max_daily,29.1,°C,2026-06-04T07:09:57.319067
MFG14,S. LUCIA,41.922779,15.874722,2026-06-03,tair_mean_daily,21.9,°C,2026-06-04T07:09:56.363793
MFG14,S. LUCIA,41.922779,15.874722,2026-06-03,tair_min_daily,16.1,°C,2026-06-04T07:09:55.404307
MFG14,S. LUCIA,41.922779,15.874722,2026-06-03,ws_max_daily,6.5,m/s,2026-06-04T07:10:05.667201
MFG14,S. LUCIA,41.922779,15.874722,2026-06-03,ws_mean_daily,0.8,m/s,2026-06-04T07:10:04.544996
MFG15,CASA LORDA,41.62389,15.403056,2026-06-03,precip_sum_daily,13.4,mm,2026-06-04T07:10:02.076558
MFG15,CASA LORDA,41.62389,15.403056,2026-06-03,rh_max_daily,98.0,%,2026-06-04T07:10:00.566935
MFG15,CASA LORDA,41.62389,15.403056,2026-06-03,rh_mean_daily,78.0,%,2026-06-04T07:09:59.547179
MFG15,CASA LORDA,41.62389,15.403056,2026-06-03,rh_min_daily,45.0,%,2026-06-04T07:09:58.272211
MFG15,CASA LORDA,41.62389,15.403056,2026-06-03,tair_max_daily,28.3,°C,2026-06-04T07:09:57.319070
MFG15,CASA LORDA,41.62389,15.403056,2026-06-03,tair_mean_daily,21.0,°C,2026-06-04T07:09:56.363796
MFG15,CASA LORDA,41.62389,15.403056,2026-06-03,tair_min_daily,16.0,°C,2026-06-04T07:09:55.404310
MFG15,CASA LORDA,41.62389,15.403056,2026-06-03,ws_max_daily,12.5,m/s,2026-06-04T07:10:05.667203
MFG15,CASA LORDA,41.62389,15.403056,2026-06-03,ws_mean_daily,2.8,m/s,2026-06-04T07:10:04.544999
MFG16,QUERCIA COPPE,41.693054,15.756944,2026-06-03,precip_sum_daily,9.0,mm,2026-06-04T07:10:02.076566
MFG16,QUERCIA COPPE,41.693054,15.756944,2026-06-03,rh_max_daily,100.0,%,2026-06-04T07:10:00.566940
MFG16,QUERCIA COPPE,41.693054,15.756944,2026-06-03,rh_mean_daily,83.0,%,2026-06-04T07:09:59.547182
MFG16,QUERCIA COPPE,41.693054,15.756944,2026-06-03,rh_min_daily,59.0,%,2026-06-04T07:09:58.272215
MFG16,QUERCIA COPPE,41.693054,15.756944,2026-06-03,tair_max_daily,24.5,°C,2026-06-04T07:09:57.319073
MFG16,QUERCIA COPPE,41.693054,15.756944,2026-06-03,tair_mean_daily,17.9,°C,2026-06-04T07:09:56.363798
MFG16,QUERCIA COPPE,41.693054,15.756944,2026-06-03,tair_min_daily,13.5,°C,2026-06-04T07:09:55.404313
MFG16,QUERCIA COPPE,41.693054,15.756944,2026-06-03,ws_max_daily,12.9,m/s,2026-06-04T07:10:05.667206
MFG16,QUERCIA COPPE,41.693054,15.756944,2026-06-03,ws_mean_daily,2.5,m/s,2026-06-04T07:10:04.545002
MFG17,CARRO CHIUSO,41.284168,16.077223,2026-06-03,precip_sum_daily,0.0,mm,2026-06-04T07:10:02.076569
MFG17,CARRO CHIUSO,41.284168,16.077223,2026-06-03,rh_max_daily,95.0,%,2026-06-04T07:10:00.566943
MFG17,CARRO CHIUSO,41.284168,16.077223,2026-06-03,rh_mean_daily,65.0,%,2026-06-04T07:09:59.547185
MFG17,CARRO CHIUSO,41.284168,16.077223,2026-06-03,rh_min_daily,38.0,%,2026-06-04T07:09:58.272218
MFG17,CARRO CHIUSO,41.284168,16.077223,2026-06-03,tair_max_daily,30.1,°C,2026-06-04T07:09:57.319075
MFG17,CARRO CHIUSO,41.284168,16.077223,2026-06-03,tair_mean_daily,22.9,°C,2026-06-04T07:09:56.363801
MFG17,CARRO CHIUSO,41.284168,16.077223,2026-06-03,tair_min_daily,13.9,°C,2026-06-04T07:09:55.404316
MFG17,CARRO CHIUSO,41.284168,16.077223,2026-06-03,ws_max_daily,10.5,m/s,2026-06-04T07:10:05.667209
MFG17,CARRO CHIUSO,41.284168,16.077223,2026-06-03,ws_mean_daily,1.8,m/s,2026-06-04T07:10:04.545005
MFG18,VIESTE,41.901669,16.080557,2026-06-03,precip_sum_daily,5.8,mm,2026-06-04T07:10:02.076573
MFG18,VIESTE,41.901669,16.080557,2026-06-03,rh_max_daily,100.0,%,2026-06-04T07:10:00.566946
MFG18,VIESTE,41.901669,16.080557,2026-06-03,rh_mean_daily,79.0,%,2026-06-04T07:09:59.547188
MFG18,VIESTE,41.901669,16.080557,2026-06-03,rh_min_daily,50.0,%,2026-06-04T07:09:58.272222
MFG18,VIESTE,41.901669,16.080557,2026-06-03,tair_max_daily,28.6,°C,2026-06-04T07:09:57.319078
MFG18,VIESTE,41.901669,16.080557,2026-06-03,tair_mean_daily,21.2,°C,2026-06-04T07:09:56.363804
MFG18,VIESTE,41.901669,16.080557,2026-06-03,tair_min_daily,15.7,°C,2026-06-04T07:09:55.404319
MFG18,VIESTE,41.901669,16.080557,2026-06-03,ws_max_daily,7.5,m/s,2026-06-04T07:10:05.667212
MFG18,VIESTE,41.901669,16.080557,2026-06-03,ws_mean_daily,1.7,m/s,2026-06-04T07:10:04.545007
MFG19,FOGGIA MONTEROZZI,41.521111,15.591944,2026-06-03,precip_sum_daily,1.2,mm,2026-06-04T07:10:02.076622
MFG19,FOGGIA MONTEROZZI,41.521111,15.591944,2026-06-03,rh_max_daily,100.0,%,2026-06-04T07:10:00.566948
MFG19,FOGGIA MONTEROZZI,41.521111,15.591944,2026-06-03,rh_min_daily,79.0,%,2026-06-04T07:09:58.272225
MFG19,FOGGIA MONTEROZZI,41.521111,15.591944,2026-06-03,tair_max_daily,29.2,°C,2026-06-04T07:09:57.319081
MFG19,FOGGIA MONTEROZZI,41.521111,15.591944,2026-06-03,tair_mean_daily,21.7,°C,2026-06-04T07:09:56.363808
MFG19,FOGGIA MONTEROZZI,41.521111,15.591944,2026-06-03,tair_min_daily,15.3,°C,2026-06-04T07:09:55.404322
MFG19,FOGGIA MONTEROZZI,41.521111,15.591944,2026-06-03,ws_max_daily,14.8,m/s,2026-06-04T07:10:05.667214
MFG19,FOGGIA MONTEROZZI,41.521111,15.591944,2026-06-03,ws_mean_daily,2.3,m/s,2026-06-04T07:10:04.545010
MLE34,BARBARO,39.980831,18.1525,2026-06-03,precip_sum_daily,0.2,mm,2026-06-04T07:10:02.076626
MLE34,BARBARO,39.980831,18.1525,2026-06-03,rh_max_daily,96.0,%,2026-06-04T07:10:00.566953
MLE34,BARBARO,39.980831,18.1525,2026-06-03,rh_mean_daily,77.0,%,2026-06-04T07:09:59.547191
MLE34,BARBARO,39.980831,18.1525,2026-06-03,rh_min_daily,37.0,%,2026-06-04T07:09:58.272231
MLE34,BARBARO,39.980831,18.1525,2026-06-03,tair_max_daily,28.8,°C,2026-06-04T07:09:57.319083
MLE34,BARBARO,39.980831,18.1525,2026-06-03,tair_mean_daily,23.1,°C,2026-06-04T07:09:56.363814
MLE34,BARBARO,39.980831,18.1525,2026-06-03,tair_min_daily,17.8,°C,2026-06-04T07:09:55.404328
MLE34,BARBARO,39.980831,18.1525,2026-06-03,ws_max_daily,9.2,m/s,2026-06-04T07:10:05.667217
MLE34,BARBARO,39.980831,18.1525,2026-06-03,ws_mean_daily,2.9,m/s,2026-06-04T07:10:04.545015
MLE35,MALOPRA,40.225555,18.299168,2026-06-03,precip_sum_daily,0.0,mm,2026-06-04T07:10:02.076633
MLE35,MALOPRA,40.225555,18.299168,2026-06-03,rh_max_daily,92.0,%,2026-06-04T07:10:00.566956
MLE35,MALOPRA,40.225555,18.299168,2026-06-03,rh_mean_daily,76.0,%,2026-06-04T07:09:59.547193
MLE35,MALOPRA,40.225555,18.299168,2026-06-03,rh_min_daily,45.0,%,2026-06-04T07:09:58.272235
MLE35,MALOPRA,40.225555,18.299168,2026-06-03,tair_max_daily,30.5,°C,2026-06-04T07:09:57.319088
MLE35,MALOPRA,40.225555,18.299168,2026-06-03,tair_mean_daily,23.5,°C,2026-06-04T07:09:56.363818
MLE35,MALOPRA,40.225555,18.299168,2026-06-03,tair_min_daily,19.2,°C,2026-06-04T07:09:55.404332
MLE35,MALOPRA,40.225555,18.299168,2026-06-03,ws_max_daily,9.7,m/s,2026-06-04T07:10:05.667220
MLE35,MALOPRA,40.225555,18.299168,2026-06-03,ws_mean_daily,3.1,m/s,2026-06-04T07:10:04.545018
MTA32,MARTINA FRANCA,40.634724,17.277779,2026-06-03,precip_sum_daily,0.2,mm,2026-06-04T07:10:02.076638
MTA32,MARTINA FRANCA,40.634724,17.277779,2026-06-03,rh_max_daily,100.0,%,2026-06-04T07:10:00.566959
MTA32,MARTINA FRANCA,40.634724,17.277779,2026-06-03,rh_mean_daily,75.0,%,2026-06-04T07:09:59.547198
MTA32,MARTINA FRANCA,40.634724,17.277779,2026-06-03,rh_min_daily,41.0,%,2026-06-04T07:09:58.272238
MTA32,MARTINA FRANCA,40.634724,17.277779,2026-06-03,tair_max_daily,28.3,°C,2026-06-04T07:09:57.319091
MTA32,MARTINA FRANCA,40.634724,17.277779,2026-06-03,tair_mean_daily,21.0,°C,2026-06-04T07:09:56.363820
MTA32,MARTINA FRANCA,40.634724,17.277779,2026-06-03,tair_min_daily,13.9,°C,2026-06-04T07:09:55.404334
MTA32,MARTINA FRANCA,40.634724,17.277779,2026-06-03,ws_max_daily,8.3,m/s,2026-06-04T07:10:05.667223
MTA32,MARTINA FRANCA,40.634724,17.277779,2026-06-03,ws_mean_daily,1.4,m/s,2026-06-04T07:10:04.545020
