Data,BF_Precipitazione (mm),BF_Temperatura 2 Metri (°C),BF_Umidità 2 Metri (%),DV_Precipitazione (mm),DV_Temperatura 2 Metri (°C),DV_Umidità 2 Metri (%),EL_Precipitazione (mm),EL_Temperatura 2 Metri (°C),EL_Umidità 2 Metri (%),PC_Precipitazione (mm),PC_Temperatura 2 Metri (°C),PC_Umidità 2 Metri (%),PA_Precipitazione (mm),PA_Temperatura 2 Metri (°C),PA_Umidità 2 Metri (%),RG_Precipitazione (mm),RG_Temperatura 2 Metri (°C),RG_Umidità 2 Metri (%),TA_Precipitazione (mm),TA_Temperatura 2 Metri (°C),TA_Umidità 2 Metri (%),TB_Precipitazione (mm),TB_Temperatura 2 Metri (°C),TB_Umidità 2 Metri (%),TC_Precipitazione (mm),TC_Temperatura 2 Metri (°C),TC_Umidità 2 Metri (%),TS_Precipitazione (mm),TS_Temperatura 2 Metri (°C),TS_Umidità 2 Metri (%),UC_Precipitazione (mm),UC_Temperatura 2 Metri (°C),UC_Umidità 2 Metri (%),VA_Precipitazione (mm),VA_Temperatura 2 Metri (°C),VA_Umidità 2 Metri (%),VB_Precipitazione (mm),VB_Temperatura 2 Metri (°C),VB_Umidità 2 Metri (%),station_id,station_name,timestamp_utc,timestamp_local,US_Precipitazione (mm),US_Temperatura 2 Metri (°C),US_Umidità 2 Metri (%),DB_Precipitazione (mm),DB_Temperatura 2 Metri (°C),DB_Umidità 2 Metri (%)
20/05/2026,0 mm,12.7 °C,77 %,0 mm,12.7 °C,77 %,0 mm,12.7 °C,77 %,0 mm,12.7 °C,77 %,0 mm,12.7 °C,77 %,0 mm,12.7 °C,77 %,0 mm,12.7 °C,77 %,0 mm,12.7 °C,77 %,0 mm,12.7 °C,77 %,0 mm,12.7 °C,77 %,0 mm,12.7 °C,77 %,0 mm,12.7 °C,77 %,0 mm,12.7 °C,77 %,0PU01,GUROLAMANNA,2026-05-20T15:37:48.563817,2026-05-20T15:37:48.563835,,,,,,
20/05/2026,0 mm,11.8 °C,86 %,0 mm,11.8 °C,86 %,0 mm,11.8 °C,86 %,0 mm,11.8 °C,86 %,0 mm,11.8 °C,86 %,0 mm,11.8 °C,86 %,0 mm,11.8 °C,86 %,0 mm,11.8 °C,86 %,0 mm,11.8 °C,86 %,0 mm,11.8 °C,86 %,0 mm,11.8 °C,86 %,0 mm,11.8 °C,86 %,0 mm,11.8 °C,86 %,0PU03,LIMELLI D'IMPERATORE,2026-05-20T15:37:54.564824,2026-05-20T15:37:54.564834,,,,,,
20/05/2026,0 mm,14.8 °C,70 %,0 mm,14.8 °C,70 %,0 mm,14.8 °C,70 %,0 mm,14.8 °C,70 %,0 mm,14.8 °C,70 %,0 mm,14.8 °C,70 %,0 mm,14.8 °C,70 %,0 mm,14.8 °C,70 %,0 mm,14.8 °C,70 %,0 mm,14.8 °C,70 %,0 mm,14.8 °C,70 %,0 mm,14.8 °C,70 %,0 mm,14.8 °C,70 %,0PU04,OTTAVA SEDICI,2026-05-20T15:38:00.558137,2026-05-20T15:38:00.558153,,,,,,
20/05/2026,0 mm,16.2 °C,85 %,0 mm,16.2 °C,85 %,0 mm,16.2 °C,85 %,0 mm,16.2 °C,85 %,0 mm,16.2 °C,85 %,0 mm,16.2 °C,85 %,0 mm,16.2 °C,85 %,0 mm,16.2 °C,85 %,0 mm,16.2 °C,85 %,0 mm,16.2 °C,85 %,0 mm,16.2 °C,85 %,0 mm,16.2 °C,85 %,0 mm,16.2 °C,85 %,0PU06,MAINE,2026-05-20T15:38:06.616205,2026-05-20T15:38:06.616221,,,,,,
20/05/2026,0 mm,12.1 °C,88 %,0 mm,12.1 °C,88 %,0 mm,12.1 °C,88 %,0 mm,12.1 °C,88 %,0 mm,12.1 °C,88 %,0 mm,12.1 °C,88 %,0 mm,12.1 °C,88 %,0 mm,12.1 °C,88 %,0 mm,12.1 °C,88 %,0 mm,12.1 °C,88 %,0 mm,12.1 °C,88 %,0 mm,12.1 °C,88 %,0 mm,12.1 °C,88 %,0PU07,TRIONFO,2026-05-20T15:38:12.602101,2026-05-20T15:38:12.602115,,,,,,
20/05/2026,0 mm,11.3 °C,77 %,0 mm,11.3 °C,77 %,0 mm,11.3 °C,77 %,0 mm,11.3 °C,77 %,0 mm,11.3 °C,77 %,0 mm,11.3 °C,77 %,0 mm,11.3 °C,77 %,0 mm,11.3 °C,77 %,0 mm,11.3 °C,77 %,0 mm,11.3 °C,77 %,0 mm,11.3 °C,77 %,0 mm,11.3 °C,77 %,0 mm,11.3 °C,77 %,0PU08,TORRETTA,2026-05-20T15:38:18.590995,2026-05-20T15:38:18.591010,,,,,,
20/05/2026,0 mm,15.7 °C,93 %,0 mm,15.7 °C,93 %,0 mm,15.7 °C,93 %,0 mm,15.7 °C,93 %,0 mm,15.7 °C,93 %,0 mm,15.7 °C,93 %,0 mm,15.7 °C,93 %,0 mm,15.7 °C,93 %,0 mm,15.7 °C,93 %,0 mm,15.7 °C,93 %,0 mm,15.7 °C,93 %,0 mm,15.7 °C,93 %,0 mm,15.7 °C,93 %,0PU10,FRASSANITO,2026-05-20T15:38:24.588742,2026-05-20T15:38:24.588757,,,,,,
20/05/2026,0 mm,15.6 °C,87 %,0 mm,15.6 °C,87 %,0 mm,15.6 °C,87 %,0 mm,15.6 °C,87 %,0 mm,15.6 °C,87 %,0 mm,15.6 °C,87 %,0 mm,15.6 °C,87 %,0 mm,15.6 °C,87 %,0 mm,15.6 °C,87 %,0 mm,15.6 °C,87 %,0 mm,15.6 °C,87 %,0 mm,15.6 °C,87 %,0 mm,15.6 °C,87 %,0PU11,BADESSA,2026-05-20T15:38:30.887124,2026-05-20T15:38:30.887135,,,,,,
20/05/2026,0 mm,15 °C,84 %,0 mm,15 °C,84 %,0 mm,15 °C,84 %,0 mm,15 °C,84 %,0 mm,15 °C,84 %,0 mm,15 °C,84 %,0 mm,15 °C,84 %,0 mm,15 °C,84 %,0 mm,15 °C,84 %,0 mm,15 °C,84 %,0 mm,15 °C,84 %,0 mm,15 °C,84 %,0 mm,15 °C,84 %,0PU12,CONTE,2026-05-20T15:38:36.853704,2026-05-20T15:38:36.853715,,,,,,
20/05/2026,0 mm,14.4 °C,70 %,0 mm,14.4 °C,70 %,0 mm,14.4 °C,70 %,0 mm,14.4 °C,70 %,0 mm,14.4 °C,70 %,0 mm,14.4 °C,70 %,0 mm,14.4 °C,70 %,0 mm,14.4 °C,70 %,0 mm,14.4 °C,70 %,0 mm,14.4 °C,70 %,0 mm,14.4 °C,70 %,0 mm,14.4 °C,70 %,0 mm,14.4 °C,70 %,0PU13,TORRICELLA,2026-05-20T15:38:42.733441,2026-05-20T15:38:42.733454,,,,,,
20/05/2026,0 mm,12.8 °C,74 %,0 mm,12.8 °C,74 %,0 mm,12.8 °C,74 %,0 mm,12.8 °C,74 %,0 mm,12.8 °C,74 %,0 mm,12.8 °C,74 %,0 mm,12.8 °C,74 %,0 mm,12.8 °C,74 %,0 mm,12.8 °C,74 %,0 mm,12.8 °C,74 %,0 mm,12.8 °C,74 %,0 mm,12.8 °C,74 %,0 mm,12.8 °C,74 %,0PU14,TAFURI,2026-05-20T15:38:48.704500,2026-05-20T15:38:48.704512,,,,,,
20/05/2026,0 mm,14 °C,82 %,0 mm,14 °C,82 %,0 mm,14 °C,82 %,0 mm,14 °C,82 %,0 mm,14 °C,82 %,0 mm,14 °C,82 %,0 mm,14 °C,82 %,0 mm,14 °C,82 %,0 mm,14 °C,82 %,0 mm,14 °C,82 %,0 mm,14 °C,82 %,0 mm,14 °C,82 %,0 mm,14 °C,82 %,0PU16,ANDRIA,2026-05-20T15:38:54.667243,2026-05-20T15:38:54.667254,,,,,,
20/05/2026,0 mm,11.2 °C,82 %,0 mm,11.2 °C,82 %,0 mm,11.2 °C,82 %,0 mm,11.2 °C,82 %,0 mm,11.2 °C,82 %,0 mm,11.2 °C,82 %,0 mm,11.2 °C,82 %,0 mm,11.2 °C,82 %,0 mm,11.2 °C,82 %,0 mm,11.2 °C,82 %,0 mm,11.2 °C,82 %,0 mm,11.2 °C,82 %,0 mm,11.2 °C,82 %,0PU17,OSTUNI-SAROLO,2026-05-20T15:39:00.635147,2026-05-20T15:39:00.635158,,,,,,
20/05/2026,0 mm,15.6 °C,68 %,0 mm,15.6 °C,68 %,0 mm,15.6 °C,68 %,0 mm,15.6 °C,68 %,0 mm,15.6 °C,68 %,0 mm,15.6 °C,68 %,0 mm,15.6 °C,68 %,0 mm,15.6 °C,68 %,0 mm,15.6 °C,68 %,0 mm,15.6 °C,68 %,0 mm,15.6 °C,68 %,0 mm,15.6 °C,68 %,0 mm,15.6 °C,68 %,0PU18,MONOPOLI,2026-05-20T15:39:06.679098,2026-05-20T15:39:06.679110,,,,,,
20/05/2026,0 mm,15 °C,71 %,0 mm,15 °C,71 %,0 mm,15 °C,71 %,0 mm,15 °C,71 %,0 mm,15 °C,71 %,0 mm,15 °C,71 %,0 mm,15 °C,71 %,0 mm,15 °C,71 %,0 mm,15 °C,71 %,0 mm,15 °C,71 %,0 mm,15 °C,71 %,0 mm,15 °C,71 %,0 mm,15 °C,71 %,0PU19,TERLIZZI,2026-05-20T15:39:12.902057,2026-05-20T15:39:12.902072,,,,,,
20/05/2026,0 mm,14.9 °C,63 %,0 mm,14.9 °C,63 %,0 mm,14.9 °C,63 %,0 mm,14.9 °C,63 %,0 mm,14.9 °C,63 %,0 mm,14.9 °C,63 %,0 mm,14.9 °C,63 %,0 mm,14.9 °C,63 %,0 mm,14.9 °C,63 %,0 mm,14.9 °C,63 %,0 mm,14.9 °C,63 %,0 mm,14.9 °C,63 %,0 mm,14.9 °C,63 %,0PU20,VILLA CASTELLI,2026-05-20T15:39:18.767730,2026-05-20T15:39:18.767741,,,,,,
20/05/2026,0 mm,15.5 °C,67 %,0 mm,15.5 °C,67 %,0 mm,15.5 °C,67 %,0 mm,15.5 °C,67 %,0 mm,15.5 °C,67 %,0 mm,15.5 °C,67 %,0 mm,15.5 °C,67 %,0 mm,15.5 °C,67 %,0 mm,15.5 °C,67 %,0 mm,15.5 °C,67 %,0 mm,15.5 °C,67 %,0 mm,15.5 °C,67 %,0 mm,15.5 °C,67 %,0PU21,CAROVIGNO,2026-05-20T15:39:24.633828,2026-05-20T15:39:24.633840,,,,,,
20/05/2026,0 mm,12.9 °C,95 %,0 mm,12.9 °C,95 %,0 mm,12.9 °C,95 %,0 mm,12.9 °C,95 %,0 mm,12.9 °C,95 %,0 mm,12.9 °C,95 %,0 mm,12.9 °C,95 %,0 mm,12.9 °C,95 %,0 mm,12.9 °C,95 %,0 mm,12.9 °C,95 %,0 mm,12.9 °C,95 %,0 mm,12.9 °C,95 %,0 mm,12.9 °C,95 %,0PU22,APRICENA,2026-05-20T15:39:30.504131,2026-05-20T15:39:30.504143,,,,,,
20/05/2026,0 mm,13.1 °C,88 %,0 mm,13.1 °C,88 %,0 mm,13.1 °C,88 %,0 mm,13.1 °C,88 %,0 mm,13.1 °C,88 %,0 mm,13.1 °C,88 %,0 mm,13.1 °C,88 %,0 mm,13.1 °C,88 %,0 mm,13.1 °C,88 %,0 mm,13.1 °C,88 %,0 mm,13.1 °C,88 %,0 mm,13.1 °C,88 %,0 mm,13.1 °C,88 %,0PU23,MANFREDONIA,2026-05-20T15:39:36.375316,2026-05-20T15:39:36.375327,,,,,,
20/05/2026,0 mm,14.3 °C,92 %,0 mm,14.3 °C,92 %,0 mm,14.3 °C,92 %,0 mm,14.3 °C,92 %,0 mm,14.3 °C,92 %,0 mm,14.3 °C,92 %,0 mm,14.3 °C,92 %,0 mm,14.3 °C,92 %,0 mm,14.3 °C,92 %,0 mm,14.3 °C,92 %,0 mm,14.3 °C,92 %,0 mm,14.3 °C,92 %,0 mm,14.3 °C,92 %,0PU25,NOCIGLIA,2026-05-20T15:39:42.247653,2026-05-20T15:39:42.247664,,,,,,
20/05/2026,,11.5 °C,81 %,,11.5 °C,81 %,,11.5 °C,81 %,,11.5 °C,81 %,,11.5 °C,81 %,,11.5 °C,81 %,,11.5 °C,81 %,,11.5 °C,81 %,,11.5 °C,81 %,,11.5 °C,81 %,,11.5 °C,81 %,,11.5 °C,81 %,,11.5 °C,81 %,0PU27,GROTTAGLIE,2026-05-20T15:39:47.537700,2026-05-20T15:39:47.537711,,,,,,
20/05/2026,0 mm,15.7 °C,74 %,0 mm,15.7 °C,74 %,0 mm,15.7 °C,74 %,0 mm,15.7 °C,74 %,0 mm,15.7 °C,74 %,0 mm,15.7 °C,74 %,0 mm,15.7 °C,74 %,0 mm,15.7 °C,74 %,0 mm,15.7 °C,74 %,0 mm,15.7 °C,74 %,0 mm,15.7 °C,74 %,0 mm,15.7 °C,74 %,0 mm,15.7 °C,74 %,0PU28,TRANI,2026-05-20T15:39:53.729072,2026-05-20T15:39:53.729083,,,,,,
20/05/2026,0 mm,13.9 °C,73 %,0 mm,13.9 °C,73 %,0 mm,13.9 °C,73 %,0 mm,13.9 °C,73 %,0 mm,13.9 °C,73 %,0 mm,13.9 °C,73 %,0 mm,13.9 °C,73 %,0 mm,13.9 °C,73 %,0 mm,13.9 °C,73 %,0 mm,13.9 °C,73 %,0 mm,13.9 °C,73 %,0 mm,13.9 °C,73 %,0 mm,13.9 °C,73 %,0PU30,NOICATTARO,2026-05-20T15:39:59.596991,2026-05-20T15:39:59.597004,,,,,,
20/05/2026,0 mm,12.6 °C,72 %,0 mm,12.6 °C,72 %,0 mm,12.6 °C,72 %,0 mm,12.6 °C,72 %,0 mm,12.6 °C,72 %,0 mm,12.6 °C,72 %,0 mm,12.6 °C,72 %,0 mm,12.6 °C,72 %,0 mm,12.6 °C,72 %,0 mm,12.6 °C,72 %,0 mm,12.6 °C,72 %,0 mm,12.6 °C,72 %,0 mm,12.6 °C,72 %,0PU31,ALBEROBELLO,2026-05-20T15:40:05.466770,2026-05-20T15:40:05.466781,,,,,,
20/05/2026,0 mm,16.2 °C,75 %,0 mm,16.2 °C,75 %,0 mm,16.2 °C,75 %,0 mm,16.2 °C,75 %,0 mm,16.2 °C,75 %,0 mm,16.2 °C,75 %,0 mm,16.2 °C,75 %,0 mm,16.2 °C,75 %,0 mm,16.2 °C,75 %,0 mm,16.2 °C,75 %,0 mm,16.2 °C,75 %,0 mm,16.2 °C,75 %,0 mm,16.2 °C,75 %,0PU33,MOCCARI,2026-05-20T15:40:16.420029,2026-05-20T15:40:16.420042,,,,,,
20/05/2026,0 mm,14 °C,67 %,0 mm,14 °C,67 %,0 mm,14 °C,67 %,0 mm,14 °C,67 %,0 mm,14 °C,67 %,0 mm,14 °C,67 %,0 mm,14 °C,67 %,0 mm,14 °C,67 %,0 mm,14 °C,67 %,0 mm,14 °C,67 %,0 mm,14 °C,67 %,0 mm,14 °C,67 %,0 mm,14 °C,67 %,0PU34,LATIANO,2026-05-20T15:40:22.289610,2026-05-20T15:40:22.289621,,,,,,
20/05/2026,0 mm,16.3 °C,100 %,0 mm,16.3 °C,100 %,0 mm,16.3 °C,100 %,0 mm,16.3 °C,100 %,0 mm,16.3 °C,100 %,0 mm,16.3 °C,100 %,0 mm,16.3 °C,100 %,0 mm,16.3 °C,100 %,0 mm,16.3 °C,100 %,0 mm,16.3 °C,100 %,0 mm,16.3 °C,100 %,0 mm,16.3 °C,100 %,0 mm,16.3 °C,100 %,0PU35,SAN VITO DEI NORMANNI,2026-05-20T15:40:28.210774,2026-05-20T15:40:28.210785,,,,,,
20/05/2026,0 mm,13.6 °C,89 %,0 mm,13.6 °C,89 %,0 mm,13.6 °C,89 %,0 mm,13.6 °C,89 %,0 mm,13.6 °C,89 %,0 mm,13.6 °C,89 %,0 mm,13.6 °C,89 %,0 mm,13.6 °C,89 %,0 mm,13.6 °C,89 %,0 mm,13.6 °C,89 %,0 mm,13.6 °C,89 %,0 mm,13.6 °C,89 %,0 mm,13.6 °C,89 %,0PU36,VILLANOVA,2026-05-20T15:40:34.407198,2026-05-20T15:40:34.407210,,,,,,
20/05/2026,0 mm,7.6 °C,84 %,0 mm,7.6 °C,84 %,0 mm,7.6 °C,84 %,0 mm,7.6 °C,84 %,0 mm,7.6 °C,84 %,0 mm,7.6 °C,84 %,0 mm,7.6 °C,84 %,0 mm,7.6 °C,84 %,0 mm,7.6 °C,84 %,0 mm,7.6 °C,84 %,0 mm,7.6 °C,84 %,0 mm,7.6 °C,84 %,0 mm,7.6 °C,84 %,0PU37,TROIA,2026-05-20T15:40:40.383504,2026-05-20T15:40:40.383516,,,,,,
20/05/2026,0 mm,10.1 °C,90 %,0 mm,10.1 °C,90 %,0 mm,10.1 °C,90 %,0 mm,10.1 °C,90 %,0 mm,10.1 °C,90 %,0 mm,10.1 °C,90 %,0 mm,10.1 °C,90 %,0 mm,10.1 °C,90 %,0 mm,10.1 °C,90 %,0 mm,10.1 °C,90 %,0 mm,10.1 °C,90 %,0 mm,10.1 °C,90 %,0 mm,10.1 °C,90 %,0PU38,BORGO LA ROCCA,2026-05-20T15:40:46.371678,2026-05-20T15:40:46.371689,,,,,,
20/05/2026,0 mm,15.5 °C,84 %,0 mm,15.5 °C,84 %,0 mm,15.5 °C,84 %,0 mm,15.5 °C,84 %,0 mm,15.5 °C,84 %,0 mm,15.5 °C,84 %,0 mm,15.5 °C,84 %,0 mm,15.5 °C,84 %,0 mm,15.5 °C,84 %,0 mm,15.5 °C,84 %,0 mm,15.5 °C,84 %,0 mm,15.5 °C,84 %,0 mm,15.5 °C,84 %,0PU40,ARCHE,2026-05-20T15:40:52.354667,2026-05-20T15:40:52.354679,,,,,,
20/05/2026,0 mm,16 °C,89 %,0 mm,16 °C,89 %,0 mm,16 °C,89 %,0 mm,16 °C,89 %,0 mm,16 °C,89 %,0 mm,16 °C,89 %,0 mm,16 °C,89 %,0 mm,16 °C,89 %,0 mm,16 °C,89 %,0 mm,16 °C,89 %,0 mm,16 °C,89 %,0 mm,16 °C,89 %,0 mm,16 °C,89 %,0PU41,LECCE,2026-05-20T15:40:58.332120,2026-05-20T15:40:58.332131,,,,,,
20/05/2026,0 mm,12.9 °C,88 %,0 mm,12.9 °C,88 %,0 mm,12.9 °C,88 %,0 mm,12.9 °C,88 %,0 mm,12.9 °C,88 %,0 mm,12.9 °C,88 %,0 mm,12.9 °C,88 %,0 mm,12.9 °C,88 %,0 mm,12.9 °C,88 %,0 mm,12.9 °C,88 %,0 mm,12.9 °C,88 %,0 mm,12.9 °C,88 %,0 mm,12.9 °C,88 %,0PU42,SALICE SALENTINO,2026-05-20T15:41:04.335849,2026-05-20T15:41:04.335860,,,,,,
20/05/2026,0 mm,14.5 °C,91 %,0 mm,14.5 °C,91 %,0 mm,14.5 °C,91 %,0 mm,14.5 °C,91 %,0 mm,14.5 °C,91 %,0 mm,14.5 °C,91 %,0 mm,14.5 °C,91 %,0 mm,14.5 °C,91 %,0 mm,14.5 °C,91 %,0 mm,14.5 °C,91 %,0 mm,14.5 °C,91 %,0 mm,14.5 °C,91 %,0 mm,14.5 °C,91 %,0PU43,LUCUGNANO,2026-05-20T15:41:10.312658,2026-05-20T15:41:10.312670,,,,,,
20/05/2026,0 mm,14.8 °C,63 %,0 mm,14.8 °C,63 %,0 mm,14.8 °C,63 %,0 mm,14.8 °C,63 %,0 mm,14.8 °C,63 %,0 mm,14.8 °C,63 %,0 mm,14.8 °C,63 %,0 mm,14.8 °C,63 %,0 mm,14.8 °C,63 %,0 mm,14.8 °C,63 %,0 mm,14.8 °C,63 %,0 mm,14.8 °C,63 %,0 mm,14.8 °C,63 %,0PU44,MANDURIA,2026-05-20T15:41:16.288299,2026-05-20T15:41:16.288311,,,,,,
20/05/2026,0 mm,13 °C,72 %,0 mm,13 °C,72 %,0 mm,13 °C,72 %,0 mm,13 °C,72 %,0 mm,13 °C,72 %,0 mm,13 °C,72 %,0 mm,13 °C,72 %,0 mm,13 °C,72 %,0 mm,13 °C,72 %,0 mm,13 °C,72 %,0 mm,13 °C,72 %,0 mm,13 °C,72 %,0 mm,13 °C,72 %,0PU45,MOTTOLA,2026-05-20T15:41:22.561665,2026-05-20T15:41:22.561677,,,,,,
20/05/2026,0 mm,12.2 °C,78 %,0 mm,12.2 °C,78 %,0 mm,12.2 °C,78 %,0 mm,12.2 °C,78 %,0 mm,12.2 °C,78 %,0 mm,12.2 °C,78 %,0 mm,12.2 °C,78 %,0 mm,12.2 °C,78 %,0 mm,12.2 °C,78 %,0 mm,12.2 °C,78 %,0 mm,12.2 °C,78 %,0 mm,12.2 °C,78 %,0 mm,12.2 °C,78 %,0PU46,MASSAFRA,2026-05-20T15:41:28.557008,2026-05-20T15:41:28.557020,,,,,,
20/05/2026,0 mm,15.1 °C,57 %,0 mm,15.1 °C,57 %,0 mm,15.1 °C,57 %,0 mm,15.1 °C,57 %,0 mm,15.1 °C,57 %,0 mm,15.1 °C,57 %,0 mm,15.1 °C,57 %,0 mm,15.1 °C,57 %,0 mm,15.1 °C,57 %,0 mm,15.1 °C,57 %,0 mm,15.1 °C,57 %,0 mm,15.1 °C,57 %,0 mm,15.1 °C,57 %,0PU47,CASTELLANETA,2026-05-20T15:41:34.527981,2026-05-20T15:41:34.527993,,,,,,
20/05/2026,0 mm,16.9 °C,64 %,0 mm,16.9 °C,64 %,0 mm,16.9 °C,64 %,0 mm,16.9 °C,64 %,0 mm,16.9 °C,64 %,0 mm,16.9 °C,64 %,0 mm,16.9 °C,64 %,0 mm,16.9 °C,64 %,0 mm,16.9 °C,64 %,0 mm,16.9 °C,64 %,0 mm,16.9 °C,64 %,0 mm,16.9 °C,64 %,0 mm,16.9 °C,64 %,0PU48,BARI C.N.R. IRSA,2026-05-20T15:41:40.871299,2026-05-20T15:41:40.871310,0 mm,16.9 °C,64 %,,,
20/05/2026,0 mm,13.4 °C,70 %,0 mm,13.4 °C,70 %,0 mm,13.4 °C,70 %,0 mm,13.4 °C,70 %,0 mm,13.4 °C,70 %,0 mm,13.4 °C,70 %,0 mm,13.4 °C,70 %,0 mm,13.4 °C,70 %,0 mm,13.4 °C,70 %,0 mm,13.4 °C,70 %,0 mm,13.4 °C,70 %,0 mm,13.4 °C,70 %,0 mm,13.4 °C,70 %,0PU49,LOCOROTONDO ITAS,2026-05-20T15:41:47.216327,2026-05-20T15:41:47.216338,0 mm,13.4 °C,70 %,,,
20/05/2026,0 mm,13.4 °C,70 %,0 mm,13.4 °C,70 %,0 mm,13.4 °C,70 %,0 mm,13.4 °C,70 %,0 mm,13.4 °C,70 %,0 mm,13.4 °C,70 %,0 mm,13.4 °C,70 %,0 mm,13.4 °C,70 %,0 mm,13.4 °C,70 %,0 mm,13.4 °C,70 %,0 mm,13.4 °C,70 %,0 mm,13.4 °C,70 %,0 mm,13.4 °C,70 %,0PU53,TORITTO,2026-05-20T15:41:59.091143,2026-05-20T15:41:59.091154,0 mm,13.4 °C,70 %,,,
20/05/2026,0 mm,14 °C,70 %,0 mm,14 °C,70 %,0 mm,14 °C,70 %,0 mm,14 °C,70 %,0 mm,14 °C,70 %,0 mm,14 °C,70 %,0 mm,14 °C,70 %,0 mm,14 °C,70 %,0 mm,14 °C,70 %,0 mm,14 °C,70 %,0 mm,14 °C,70 %,0 mm,14 °C,70 %,0 mm,14 °C,70 %,0PU54,TORRE SANTA SUSANNA,2026-05-20T15:42:05.663797,2026-05-20T15:42:05.663808,0 mm,14 °C,70 %,,,
20/05/2026,0 mm,14.6 °C,81 %,0 mm,14.6 °C,81 %,0 mm,14.6 °C,81 %,0 mm,14.6 °C,81 %,0 mm,14.6 °C,81 %,0 mm,14.6 °C,81 %,0 mm,14.6 °C,81 %,0 mm,14.6 °C,81 %,0 mm,14.6 °C,81 %,0 mm,14.6 °C,81 %,0 mm,14.6 °C,81 %,0 mm,14.6 °C,81 %,0 mm,14.6 °C,81 %,0PU55,LESINA-RIPALTA,2026-05-20T15:42:11.917241,2026-05-20T15:42:11.917251,0 mm,14.6 °C,81 %,,,
20/05/2026,0 mm,11.9 °C,78 %,0 mm,11.9 °C,78 %,0 mm,11.9 °C,78 %,0 mm,11.9 °C,78 %,0 mm,11.9 °C,78 %,0 mm,11.9 °C,78 %,0 mm,11.9 °C,78 %,0 mm,11.9 °C,78 %,0 mm,11.9 °C,78 %,0 mm,11.9 °C,78 %,0 mm,11.9 °C,78 %,0 mm,11.9 °C,78 %,0 mm,11.9 °C,78 %,0PU56,CARLANTINO,2026-05-20T15:42:18.173866,2026-05-20T15:42:18.173877,0 mm,11.9 °C,78 %,,,
20/05/2026,0 mm,11.1 °C,91 %,0 mm,11.1 °C,91 %,0 mm,11.1 °C,91 %,0 mm,11.1 °C,91 %,0 mm,11.1 °C,91 %,0 mm,11.1 °C,91 %,0 mm,11.1 °C,91 %,0 mm,11.1 °C,91 %,0 mm,11.1 °C,91 %,0 mm,11.1 °C,91 %,0 mm,11.1 °C,91 %,0 mm,11.1 °C,91 %,0 mm,11.1 °C,91 %,0PU57,SANT'AGATA DI PUGLIA,2026-05-20T15:42:24.460302,2026-05-20T15:42:24.460311,0 mm,11.1 °C,91 %,,,
20/05/2026,0 mm,16 °C,65 %,0 mm,16 °C,65 %,0 mm,16 °C,65 %,0 mm,16 °C,65 %,0 mm,16 °C,65 %,0 mm,16 °C,65 %,0 mm,16 °C,65 %,0 mm,16 °C,65 %,0 mm,16 °C,65 %,0 mm,16 °C,65 %,0 mm,16 °C,65 %,0 mm,16 °C,65 %,0 mm,16 °C,65 %,0PU58,GINOSA,2026-05-20T15:42:30.758973,2026-05-20T15:42:30.758984,0 mm,16 °C,65 %,,,
20/05/2026,0 mm,14.3 °C,69 %,0 mm,14.3 °C,69 %,0 mm,14.3 °C,69 %,0 mm,14.3 °C,69 %,0 mm,14.3 °C,69 %,0 mm,14.3 °C,69 %,0 mm,14.3 °C,69 %,0 mm,14.3 °C,69 %,0 mm,14.3 °C,69 %,0 mm,14.3 °C,69 %,0 mm,14.3 °C,69 %,0 mm,14.3 °C,69 %,0 mm,14.3 °C,69 %,0PU59,PALAGIANELLO,2026-05-20T15:42:37.018171,2026-05-20T15:42:37.018181,0 mm,14.3 °C,69 %,,,
20/05/2026,0 mm,15.4 °C,92 %,0 mm,15.4 °C,92 %,0 mm,15.4 °C,92 %,0 mm,15.4 °C,92 %,0 mm,15.4 °C,92 %,0 mm,15.4 °C,92 %,0 mm,15.4 °C,92 %,0 mm,15.4 °C,92 %,0 mm,15.4 °C,92 %,0 mm,15.4 °C,92 %,0 mm,15.4 °C,92 %,0 mm,15.4 °C,92 %,0 mm,15.4 °C,92 %,0PU60,MINERVINO DI LECCE,2026-05-20T15:42:43.593336,2026-05-20T15:42:43.593345,0 mm,15.4 °C,92 %,,,
20/05/2026,0 mm,14 °C,91 %,0 mm,14 °C,91 %,0 mm,14 °C,91 %,0 mm,14 °C,91 %,0 mm,14 °C,91 %,0 mm,14 °C,91 %,0 mm,14 °C,91 %,0 mm,14 °C,91 %,0 mm,14 °C,91 %,0 mm,14 °C,91 %,0 mm,14 °C,91 %,0 mm,14 °C,91 %,0 mm,14 °C,91 %,0PU61,NARDO',2026-05-20T15:42:49.846282,2026-05-20T15:42:49.846292,0 mm,14 °C,91 %,,,
20/05/2026,0 mm,12.3 °C,89 %,,,,,,,0 mm,12.3 °C,89 %,,,,,,,,,,,,,0 mm,12.3 °C,89 %,,,,0 mm,12.3 °C,89 %,,,,0 mm,12.3 °C,89 %,MBA20,IPSAA,2026-05-20T15:42:52.893975,2026-05-20T15:42:52.893987,,,,0 mm,12.3 °C,89 %
20/05/2026,0 mm,13.1 °C,78 %,,,,,,,0 mm,13.1 °C,78 %,,,,,,,,,,,,,0 mm,13.1 °C,78 %,,,,0 mm,13.1 °C,78 %,,,,0 mm,13.1 °C,78 %,MBA21,MONTEGROSSO,2026-05-20T15:42:55.937920,2026-05-20T15:42:55.937933,,,,0 mm,13.1 °C,78 %
20/05/2026,0 mm,13 °C,71 %,,,,,,,0 mm,13 °C,71 %,,,,,,,,,,,,,0 mm,13 °C,71 %,,,,0 mm,13 °C,71 %,,,,0 mm,13 °C,71 %,MBA22,S.P. SANTERAMO,2026-05-20T15:42:58.978165,2026-05-20T15:42:58.978176,,,,0 mm,13 °C,71 %
20/05/2026,0 mm,14.4 °C,70 %,,,,,,,0 mm,14.4 °C,70 %,,,,,,,,,,,,,0 mm,14.4 °C,70 %,,,,0 mm,14.4 °C,70 %,,,,0 mm,14.4 °C,70 %,MBA24,CASSANO DELLE MURGE,2026-05-20T15:43:04.726201,2026-05-20T15:43:04.726212,,,,0 mm,14.4 °C,70 %
20/05/2026,0 mm,12.6 °C,67 %,,,,,,,0 mm,12.6 °C,67 %,,,,,,,,,,,,,0 mm,12.6 °C,67 %,,,,0 mm,12.6 °C,67 %,,,,0 mm,12.6 °C,67 %,MBA25,SANTERAMO IN COLLE,2026-05-20T15:43:07.767304,2026-05-20T15:43:07.767317,,,,0 mm,12.6 °C,67 %
20/05/2026,0 mm,13.5 °C,83 %,,,,,,,0 mm,13.5 °C,83 %,,,,,,,,,,,,,0 mm,13.5 °C,83 %,,,,0 mm,13.5 °C,83 %,,,,0 mm,13.5 °C,83 %,MBA26,CAMPO SPER. UNIBA,2026-05-20T15:43:10.811606,2026-05-20T15:43:10.811617,,,,0 mm,13.5 °C,83 %
20/05/2026,0 mm,13.2 °C,78 %,,,,,,,0 mm,13.2 °C,78 %,,,,,,,,,,,,,0 mm,13.2 °C,78 %,,,,0 mm,13.2 °C,78 %,,,,0 mm,13.2 °C,78 %,MBA27,SERRONE(AZ.AGR.MANCINI),2026-05-20T15:43:13.855649,2026-05-20T15:43:13.855661,,,,0 mm,13.2 °C,78 %
20/05/2026,0 mm,12.1 °C,79 %,,,,,,,0 mm,12.1 °C,79 %,,,,,,,,,,,,,0 mm,12.1 °C,79 %,,,,0 mm,12.1 °C,79 %,,,,0 mm,12.1 °C,79 %,MBA28,MURGIA ANTICI,2026-05-20T15:43:16.900989,2026-05-20T15:43:16.901000,,,,0 mm,12.1 °C,79 %
20/05/2026,0 mm,12.1 °C,79 %,,,,,,,0 mm,12.1 °C,79 %,,,,,,,,,,,,,0 mm,12.1 °C,79 %,,,,0 mm,12.1 °C,79 %,,,,0 mm,12.1 °C,79 %,MBA29,LAMENDOLA I,2026-05-20T15:43:19.946834,2026-05-20T15:43:19.946846,,,,0 mm,12.1 °C,79 %
20/05/2026,0 mm,17 °C,60 %,,,,,,,0 mm,17 °C,60 %,,,,,,,,,,,,,0 mm,17 °C,60 %,,,,0 mm,17 °C,60 %,,,,0 mm,17 °C,60 %,MBR30,FASCIANELLO,2026-05-20T15:43:22.981763,2026-05-20T15:43:22.981774,,,,0 mm,17 °C,60 %
20/05/2026,0 mm,12.4 °C,77 %,,,,,,,0 mm,12.4 °C,77 %,,,,,,,,,,,,,0 mm,12.4 °C,77 %,,,,0 mm,12.4 °C,77 %,,,,0 mm,12.4 °C,77 %,MBR31,FERRUZZO,2026-05-20T15:43:26.370581,2026-05-20T15:43:26.370593,,,,0 mm,12.4 °C,77 %
20/05/2026,0 mm,9.8 °C,85 %,,,,,,,0 mm,9.8 °C,85 %,,,,,,,,,,,,,0 mm,9.8 °C,85 %,,,,0 mm,9.8 °C,85 %,,,,0 mm,9.8 °C,85 %,MFG01,S. LUCIA,2026-05-20T15:43:29.478168,2026-05-20T15:43:29.478180,,,,0 mm,9.8 °C,85 %
20/05/2026,0 mm,12.5 °C,69 %,,,,,,,0 mm,12.5 °C,69 %,,,,,,,,,,,,,0 mm,12.5 °C,69 %,,,,0 mm,12.5 °C,69 %,,,,0 mm,12.5 °C,69 %,MFG02,SERRA DEI BISI,2026-05-20T15:43:32.583755,2026-05-20T15:43:32.583767,,,,0 mm,12.5 °C,69 %
20/05/2026,0 mm,12.3 °C,90 %,,,,,,,0 mm,12.3 °C,90 %,,,,,,,,,,,,,0 mm,12.3 °C,90 %,,,,0 mm,12.3 °C,90 %,,,,0 mm,12.3 °C,90 %,MFG03,LA PESCIA,2026-05-20T15:43:35.691690,2026-05-20T15:43:35.691701,,,,0 mm,12.3 °C,90 %
20/05/2026,0 mm,13.9 °C,84 %,,,,,,,0 mm,13.9 °C,84 %,,,,,,,,,,,,,0 mm,13.9 °C,84 %,,,,0 mm,13.9 °C,84 %,,,,0 mm,13.9 °C,84 %,MFG04,TRE SANTI,2026-05-20T15:43:38.798797,2026-05-20T15:43:38.798809,,,,0 mm,13.9 °C,84 %
20/05/2026,0 mm,,76 %,,,,,,,0 mm,,76 %,,,,,,,,,,,,,0 mm,,76 %,,,,0 mm,,76 %,,,,0 mm,,76 %,MFG05,RIVOLI,2026-05-20T15:43:41.886418,2026-05-20T15:43:41.886429,,,,0 mm,,76 %
20/05/2026,0 mm,11.3 °C,89 %,,,,,,,0 mm,11.3 °C,89 %,,,,,,,,,,,,,0 mm,11.3 °C,89 %,,,,0 mm,11.3 °C,89 %,,,,0 mm,11.3 °C,89 %,MFG06,TAVOLETTA,2026-05-20T15:43:44.992658,2026-05-20T15:43:44.992669,,,,0 mm,11.3 °C,89 %
20/05/2026,0 mm,10.5 °C,87 %,,,,,,,0 mm,10.5 °C,87 %,,,,,,,,,,,,,0 mm,10.5 °C,87 %,,,,0 mm,10.5 °C,87 %,,,,0 mm,10.5 °C,87 %,MFG07,COPPA D'ORO,2026-05-20T15:43:47.986489,2026-05-20T15:43:47.986501,,,,0 mm,10.5 °C,87 %
20/05/2026,0 mm,12.9 °C,94 %,,,,,,,0 mm,12.9 °C,94 %,,,,,,,,,,,,,0 mm,12.9 °C,94 %,,,,0 mm,12.9 °C,94 %,,,,0 mm,12.9 °C,94 %,MFG09,ARIOLA,2026-05-20T15:43:51.102141,2026-05-20T15:43:51.102153,,,,0 mm,12.9 °C,94 %
20/05/2026,0 mm,14.7 °C,77 %,,,,,,,0 mm,14.7 °C,77 %,,,,,,,,,,,,,0 mm,14.7 °C,77 %,,,,0 mm,14.7 °C,77 %,,,,0 mm,14.7 °C,77 %,MFG10,MATINE CARNE SALATA,2026-05-20T15:43:54.209507,2026-05-20T15:43:54.209518,,,,0 mm,14.7 °C,77 %
20/05/2026,0 mm,9.1 °C,90 %,,,,,,,0 mm,9.1 °C,90 %,,,,,,,,,,,,,0 mm,9.1 °C,90 %,,,,0 mm,9.1 °C,90 %,,,,0 mm,9.1 °C,90 %,MFG11,SELVA DELLE GROTTE,2026-05-20T15:43:57.316612,2026-05-20T15:43:57.316622,,,,0 mm,9.1 °C,90 %
20/05/2026,0 mm,11.8 °C,98 %,,,,,,,0 mm,11.8 °C,98 %,,,,,,,,,,,,,0 mm,11.8 °C,98 %,,,,0 mm,11.8 °C,98 %,,,,0 mm,11.8 °C,98 %,MFG13,BISCIGLIETO,2026-05-20T15:44:03.183145,2026-05-20T15:44:03.183160,,,,0 mm,11.8 °C,98 %
20/05/2026,0 mm,15.6 °C,91 %,,,,,,,0 mm,15.6 °C,91 %,,,,,,,,,,,,,0 mm,15.6 °C,91 %,,,,0 mm,15.6 °C,91 %,,,,0 mm,15.6 °C,91 %,MFG14,S. LUCIA,2026-05-20T15:44:06.289228,2026-05-20T15:44:06.289240,,,,0 mm,15.6 °C,91 %
20/05/2026,0 mm,11.6 °C,94 %,,,,,,,0 mm,11.6 °C,94 %,,,,,,,,,,,,,0 mm,11.6 °C,94 %,,,,0 mm,11.6 °C,94 %,,,,0 mm,11.6 °C,94 %,MFG15,CASA LORDA,2026-05-20T15:44:09.436243,2026-05-20T15:44:09.436254,,,,0 mm,11.6 °C,94 %
20/05/2026,0 mm,12.9 °C,60 %,,,,,,,0 mm,12.9 °C,60 %,,,,,,,,,,,,,0 mm,12.9 °C,60 %,,,,0 mm,12.9 °C,60 %,,,,0 mm,12.9 °C,60 %,MFG16,QUERCIA COPPE,2026-05-20T15:44:12.862056,2026-05-20T15:44:12.862070,,,,0 mm,12.9 °C,60 %
20/05/2026,0 mm,11.7 °C,89 %,,,,,,,0 mm,11.7 °C,89 %,,,,,,,,,,,,,0 mm,11.7 °C,89 %,,,,0 mm,11.7 °C,89 %,,,,0 mm,11.7 °C,89 %,MFG17,CARRO CHIUSO,2026-05-20T15:44:15.957486,2026-05-20T15:44:15.957498,,,,0 mm,11.7 °C,89 %
20/05/2026,0 mm,15.2 °C,91 %,,,,,,,0 mm,15.2 °C,91 %,,,,,,,,,,,,,0 mm,15.2 °C,91 %,,,,0 mm,15.2 °C,91 %,,,,0 mm,15.2 °C,91 %,MFG18,VIESTE,2026-05-20T15:44:19.050729,2026-05-20T15:44:19.050741,,,,0 mm,15.2 °C,91 %
20/05/2026,0 mm,11.1 °C,,,,,,,,0 mm,11.1 °C,,,,,0 mm,11.1 °C,,,,,,,,0 mm,11.1 °C,,,,,0 mm,11.1 °C,,,,,0 mm,11.1 °C,,MFG19,FOGGIA MONTEROZZI,2026-05-20T15:44:22.515826,2026-05-20T15:44:22.515838,,,,0 mm,11.1 °C,
20/05/2026,0 mm,13.7 °C,93 %,,,,,,,0 mm,13.7 °C,93 %,,,,,,,,,,,,,0 mm,13.7 °C,93 %,,,,0 mm,13.7 °C,93 %,,,,0 mm,13.7 °C,93 %,MLE34,BARBARO,2026-05-20T15:44:25.610852,2026-05-20T15:44:25.610864,,,,0 mm,13.7 °C,93 %
20/05/2026,0 mm,15.4 °C,90 %,,,,,,,0 mm,15.4 °C,90 %,,,,,,,,,,,,,0 mm,15.4 °C,90 %,,,,0 mm,15.4 °C,90 %,,,,0 mm,15.4 °C,90 %,MLE35,MALOPRA,2026-05-20T15:44:28.707563,2026-05-20T15:44:28.707574,,,,0 mm,15.4 °C,90 %
20/05/2026,0 mm,13.3 °C,72 %,,,,,,,0 mm,13.3 °C,72 %,,,,,,,,,,,,,0 mm,13.3 °C,72 %,,,,0 mm,13.3 °C,72 %,,,,0 mm,13.3 °C,72 %,MTA32,MARTINA FRANCA,2026-05-20T15:44:31.802325,2026-05-20T15:44:31.802336,,,,0 mm,13.3 °C,72 %
